Batsman_Name,Runs,Balls,4s,6s,Strike_Rate,playingRole,Range
Jonny Bairstow,33,35,4,1,94.3,Wicketkeeper Batter,1
Dawid Malan,14,24,2,0,58.3,Top order Batter,"1,2,3"
Joe Root,77,86,4,1,89.5,Top order Batter,"2,3,4"
Harry Brook,25,16,4,1,156.3,Batter,"3,4,5"
Moeen Ali,11,17,1,0,64.7,Batting Allrounder,"4,5,6"
Jos Buttler,43,42,2,2,102.4,Wicketkeeper Batter,"5,6,7"
Liam Livingstone,20,22,3,0,90.9,Batting Allrounder,"6,7,8"
Sam Curran,14,19,0,0,73.7,Allrounder,"7,8,9"
Chris Woakes,11,12,1,0,91.7,Allrounder,"8,9,10"
Adil Rashid,15,13,0,1,115.4,Bowler,"9,10,11"
Mark Wood,13,14,0,0,92.9,Bowler,"10,11"
Devon Conway,152,121,19,3,125.6,Wicketkeeper Batter,1
Will Young,0,1,0,0,0,Top order Batter,"1,2,3"
Rachin Ravindra,123,96,11,5,128.1,Top order Batter,"2,3,4"
Fakhar Zaman,12,15,3,0,80,Opening Batter,1
Imam-ul-Haq,15,19,2,0,78.9,Top order Batter,"1,2,3"
Babar Azam,5,18,0,0,27.8,Top order Batter,"2,3,4"
Mohammad Rizwan,68,75,8,0,90.7,Wicketkeeper Batter,"3,4,5"
Saud Shakeel,68,52,9,1,130.8,Middle order Batter,"4,5,6"
Iftikhar Ahmed,9,11,1,0,81.8,Middle order Batter,"5,6,7"
Mohammad Nawaz,39,43,4,0,90.7,Allrounder,"6,7,8"
Shadab Khan,32,34,2,1,94.1,Allrounder,"7,8,9"
Hasan Ali,0,1,0,0,0,Bowler,"8,9,10"
Shaheen Afridi,13,12,2,0,108.3,Bowler,"9,10,11"
Haris Rauf,16,14,2,1,114.3,Bowler,"10,11"
Vikramjit Singh,52,67,4,1,77.6,Opening Batter,1
Max O'Dowd,5,12,1,0,41.7,Opening Batter,"1,2,3"
Colin Ackermann,17,21,3,0,81,Batting Allrounder,"2,3,4"
Bas de Leede,67,68,6,2,98.5,Batting Allrounder,"3,4,5"
Roelof van der Merwe,4,7,0,0,57.1,Allrounder,"7,8,9"
Logan van Beek,28,28,3,1,100,Bowler,"8,9,10"
Paul van Meekeren,7,12,1,0,58.3,Bowler,"10,11"
Rahmanullah Gurbaz,47,62,4,1,75.8,Wicketkeeper Batter,1
Ibrahim Zadran,22,25,3,1,88,Opening Batter,"1,2,3"
Rahmat Shah,18,25,1,0,72,Top order Batter,"2,3,4"
Hashmatullah Shahidi,18,38,2,0,47.4,Top order Batter,"3,4,5"
Najibullah Zadran,5,13,0,0,38.5,Middle order Batter,"4,5,6"
Mohammad Nabi,6,12,0,0,50,Allrounder,"5,6,7"
Azmatullah Omarzai,22,20,4,0,110,Allrounder,"6,7,8"
Rashid Khan,9,16,1,0,56.3,Bowling Allrounder,"7,8,9"
Mujeeb Ur Rahman,1,4,0,0,25,Bowler,"8,9,10"
Naveen-ul-Haq,0,6,0,0,0,Bowler,"9,10,11"
Fazalhaq Farooqi,0,3,0,0,0,Bowler,"10,11"
Tanzid Hasan,5,13,1,0,38.5,Top order Batter,1
Litton Das,13,18,2,0,72.2,Wicketkeeper Batter,"1,2,3"
Mehidy Hasan Miraz,57,73,5,0,78.1,Allrounder,"2,3,4"
Najmul Hossain Shanto,59,83,3,1,71.1,Top order Batter,"3,4,5"
Shakib Al Hasan,14,19,2,0,73.7,Allrounder,"4,5,6"
Mustafizur Rahman,2,3,0,0,66.7,Bowler,"5,6,7"
Quinton de Kock,100,84,12,3,119,Wicketkeeper Batter,1
Temba Bavuma,8,5,2,0,160,Top order Batter,"1,2,3"
Rassie van der Dussen,108,110,13,2,98.2,Top order Batter,"2,3,4"
Aiden Markram,106,54,14,3,196.3,Opening Batter,"3,4,5"
Heinrich Klaasen,32,20,1,3,160,Wicketkeeper Batter,"4,5,6"
David Miller,39,21,3,2,185.7,Middle order Batter,"5,6,7"
Marco Jansen,12,7,0,1,171.4,Allrounder,"6,7,8"
Pathum Nissanka,0,3,0,0,0,Top order Batter,1
Kusal Janith Perera,7,15,1,0,46.7,Top order Batter,"1,2,3"
Kusal Mendis,76,42,4,8,181,Wicketkeeper Batter,"2,3,4"
Sadeera Samarawickrama,23,19,3,1,121.1,Top order Batter,"3,4,5"
Charith Asalanka,79,65,8,4,121.5,Batting Allrounder,"4,5,6"
Dhananjaya de Silva,11,14,1,0,78.6,Allrounder,"5,6,7"
Dasun Shanaka,68,62,6,3,109.7,Allrounder,"6,7,8"
Kasun Rajitha,33,31,4,1,106.5,Bowler,"8,9,10"
David Warner,41,52,6,0,78.8,Opening Batter,1
Mitchell Marsh,0,6,0,0,0,Allrounder,"1,2,3"
Steve Smith,46,71,5,0,64.8,Top order Batter,"2,3,4"
Marnus Labuschagne,27,41,1,0,65.9,Top order Batter,"3,4,5"
Glenn Maxwell,15,25,1,0,60,Batting Allrounder,"4,5,6"
Alex Carey,0,2,0,0,0,Wicketkeeper Batter,"5,6,7"
Cameron Green,8,20,0,0,40,Batting Allrounder,"6,7,8"
Pat Cummins,15,24,1,1,62.5,Bowler,"7,8,9"
Mitchell Starc,28,35,2,1,80,Bowler,"8,9,10"
Adam Zampa,6,20,0,0,30,Bowler,"9,10,11"
Josh Hazlewood,1,1,0,0,100,Bowler,"10,11"
Rohit Sharma,0,6,0,0,0,Top order Batter,1
Ishan Kishan,0,1,0,0,0,Top order Batter,"1,2,3"
Virat Kohli,85,116,6,0,73.3,Top order Batter,"2,3,4"
Shreyas Iyer,0,3,0,0,0,Top order Batter,"3,4,5"
KL Rahul,97,115,8,2,84.3,Opening Batter,"4,5,6"
Hardik Pandya,11,8,0,1,137.5,Allrounder,"5,6,7"
Devon Conway,32,40,5,1,80,Wicketkeeper Batter,1
Will Young,70,80,7,2,87.5,Top order Batter,"1,2,3"
Rachin Ravindra,51,51,3,1,100,Top order Batter,"2,3,4"
Daryl Mitchell,48,47,5,2,102.1,Allrounder,"3,4,5"
Tom Latham,53,46,6,1,115.2,Top order Batter,"4,5,6"
Glenn Phillips,4,4,1,0,100,Wicketkeeper Batter,"5,6,7"
Mark Chapman,5,13,0,0,38.5,Middle order Batter,"6,7,8"
Mitchell Santner,36,17,3,2,211.8,Bowling Allrounder,"7,8,9"
Matt Henry,10,4,0,1,250,Bowler,"8,9,10"
Vikramjit Singh,12,20,1,0,60,Opening Batter,1
Max O'Dowd,16,31,2,0,51.6,Opening Batter,"1,2,3"
Colin Ackermann,69,73,5,0,94.5,Batting Allrounder,"2,3,4"
Bas de Leede,18,25,3,0,72,Batting Allrounder,"3,4,5"
Roelof van der Merwe,1,6,0,0,16.7,Allrounder,"7,8,9"
Paul van Meekeren,4,3,1,0,133.3,Bowler,"10,11"
Jonny Bairstow,52,59,8,0,88.1,Wicketkeeper Batter,1
Dawid Malan,140,107,16,5,130.8,Top order Batter,"1,2,3"
Joe Root,82,68,8,1,120.6,Top order Batter,"2,3,4"
Jos Buttler,20,10,1,1,200,Wicketkeeper Batter,"3,4,5"
Harry Brook,20,15,3,0,133.3,Batter,"4,5,6"
Liam Livingstone,0,1,0,0,0,Batting Allrounder,"5,6,7"
Sam Curran,11,15,1,0,73.3,Allrounder,"6,7,8"
Chris Woakes,14,11,2,0,127.3,Allrounder,"7,8,9"
Adil Rashid,11,7,1,0,157.1,Bowler,"8,9,10"
Mark Wood,6,5,1,0,120,Bowler,"9,10,11"
Reece Topley,1,2,0,0,50,Bowler,"10,11"
Litton Das,76,66,7,2,115.2,Wicketkeeper Batter,1
Tanzim Hasan,1,2,0,0,50,Top order Batter,"1,2,3"
Najmul Hossain Shanto,0,1,0,0,0,Top order Batter,"2,3,4"
Shakib Al Hasan,1,9,0,0,11.1,Allrounder,"3,4,5"
Mehidy Hasan Miraz,8,7,1,0,114.3,Allrounder,"4,5,6"
Mushfiqur Rahim,51,64,4,0,79.7,Middle order Batter,"5,6,7"
Towhid Hridoy,39,61,2,0,63.9,Middle order Batter,"6,7,8"
Mahedi Hasan,14,32,1,0,43.8,Allrounder,"7,8,9"
Taskin Ahmed,15,25,0,1,60,Bowler,"8,9,10"
Shoriful Islam,12,14,2,0,85.7,Bowler,"9,10,11"
Mustafizur Rahman,3,9,0,0,33.3,Bowler,"10,11"
Pathum Nissanka,51,61,7,1,83.6,Top order Batter,1
Kusal Janith Perera,0,4,0,0,0,Top order Batter,"1,2,3"
Kusal Mendis,122,77,14,6,158.4,Wicketkeeper Batter,"2,3,4"
Sadeera Samarawickrama,108,89,11,2,121.3,Top order Batter,"3,4,5"
Charith Asalanka,1,3,0,0,33.3,Batting Allrounder,"4,5,6"
Dhananjaya de Silva,25,34,3,0,73.5,Allrounder,"5,6,7"
Dasun Shanaka,12,18,0,0,66.7,Allrounder,"6,7,8"
Maheesh Theekshana,0,4,0,0,0,Bowler,"8,9,10"
Abdullah Shafique,113,103,10,3,109.7,Top order Batter,1
Imam-ul-Haq,12,12,1,0,100,Top order Batter,"1,2,3"
Babar Azam,10,15,1,0,66.7,Top order Batter,"2,3,4"
Mohammad Rizwan,131,121,8,3,108.3,Wicketkeeper Batter,"3,4,5"
Saud Shakeel,31,30,2,0,103.3,Middle order Batter,"4,5,6"
Iftikhar Ahmed,22,10,4,0,220,Middle order Batter,"5,6,7"
Rahmanullah Gurbaz,21,28,3,1,75,Wicketkeeper Batter,1
Ibrahim Zadran,22,28,4,0,78.6,Opening Batter,"1,2,3"
Rahmat Shah,16,22,3,0,72.7,Top order Batter,"2,3,4"
Hashmatullah Shahidi,80,88,8,1,90.9,Top order Batter,"3,4,5"
Azmatullah Omarzai,62,69,2,4,89.9,Allrounder,"4,5,6"
Mohammad Nabi,19,27,1,0,70.4,Allrounder,"5,6,7"
Najibullah Zadran,2,8,0,0,25,Middle order Batter,"6,7,8"
Rashid Khan,16,12,1,1,133.3,Bowling Allrounder,"7,8,9"
Mujeeb Ur Rahman,10,12,2,0,83.3,Bowler,"8,9,10"
Naveen-ul-Haq,9,8,1,0,112.5,Bowler,"9,10,11"
Rohit Sharma,131,84,16,5,156,Top order Batter,1
Ishan Kishan,47,47,5,2,100,Top order Batter,"1,2,3"
Virat Kohli,55,56,6,0,98.2,Top order Batter,"2,3,4"
Shreyas Iyer,25,23,1,1,108.7,Top order Batter,"3,4,5"
Quinton de Kock,109,106,8,5,102.8,Wicketkeeper Batter,1
Quinton de Kock,109,106,8,5,102.8,Wicketkeeper Batter,1
Temba Bavuma,35,55,2,0,63.6,Top order Batter,"1,2,3"
Temba Bavuma,35,55,2,0,63.6,Top order Batter,"1,2,3"
Rassie van der Dussen,26,30,2,0,86.7,Top order Batter,"2,3,4"
Rassie van der Dussen,26,30,2,0,86.7,Top order Batter,"2,3,4"
Aiden Markram,56,44,7,1,127.3,Opening Batter,"3,4,5"
Aiden Markram,56,44,7,1,127.3,Opening Batter,"3,4,5"
Heinrich Klaasen,29,27,3,0,107.4,Wicketkeeper Batter,"4,5,6"
Heinrich Klaasen,29,27,3,0,107.4,Wicketkeeper Batter,"4,5,6"
David Miller,17,13,1,1,130.8,Middle order Batter,"5,6,7"
David Miller,17,13,1,1,130.8,Middle order Batter,"5,6,7"
Marco Jansen,26,22,3,1,118.2,Allrounder,"6,7,8"
Marco Jansen,26,22,3,1,118.2,Allrounder,"6,7,8"
Kagiso Rabada,0,1,0,0,0,Bowler,"7,8,9"
Kagiso Rabada,0,1,0,0,0,Bowler,"7,8,9"
Keshav Maharaj,0,2,0,0,0,Bowler,"8,9,10"
Keshav Maharaj,0,2,0,0,0,Bowler,"8,9,10"
Mitchell Marsh,7,15,0,0,46.7,Allrounder,1
Mitchell Marsh,7,15,0,0,46.7,Allrounder,1
David Warner,13,27,2,0,48.1,Opening Batter,"1,2,3"
David Warner,13,27,2,0,48.1,Opening Batter,"1,2,3"
Steve Smith,19,16,4,0,118.8,Top order Batter,"2,3,4"
Steve Smith,19,16,4,0,118.8,Top order Batter,"2,3,4"
Marnus Labuschagne,46,74,3,0,62.2,Top order Batter,"3,4,5"
Marnus Labuschagne,46,74,3,0,62.2,Top order Batter,"3,4,5"
Josh Inglis,5,4,1,0,125,Wicketkeeper Batter,"4,5,6"
Josh Inglis,5,4,1,0,125,Wicketkeeper Batter,"4,5,6"
Glenn Maxwell,3,17,0,0,17.6,Batting Allrounder,"5,6,7"
Glenn Maxwell,3,17,0,0,17.6,Batting Allrounder,"5,6,7"
Marcus Stoinis,5,4,1,0,125,Batting Allrounder,"6,7,8"
Marcus Stoinis,5,4,1,0,125,Batting Allrounder,"6,7,8"
Mitchell Starc,27,51,3,0,52.9,Bowler,"7,8,9"
Mitchell Starc,27,51,3,0,52.9,Bowler,"7,8,9"
Pat Cummins,22,21,4,0,104.8,Bowler,"8,9,10"
Pat Cummins,22,21,4,0,104.8,Bowler,"8,9,10"
Adam Zampa,11,16,1,0,68.8,Bowler,"9,10,11"
Adam Zampa,11,16,1,0,68.8,Bowler,"9,10,11"
Josh Hazlewood,2,2,0,0,100,Bowler,"10,11"
Josh Hazlewood,2,2,0,0,100,Bowler,"10,11"
Quinton de Kock,3,14,0,0,21.4,Wicketkeeper Batter,1
Quinton de Kock,3,14,0,0,21.4,Wicketkeeper Batter,1
Temba Bavuma,0,4,0,0,0,Top order Batter,"1,2,3"
Temba Bavuma,0,4,0,0,0,Top order Batter,"1,2,3"
Rassie van der Dussen,6,31,0,0,19.4,Top order Batter,"2,3,4"
Rassie van der Dussen,6,31,0,0,19.4,Top order Batter,"2,3,4"
Aiden Markram,10,20,2,0,50,Opening Batter,"3,4,5"
Aiden Markram,10,20,2,0,50,Opening Batter,"3,4,5"
Heinrich Klaasen,47,48,4,2,97.9,Wicketkeeper Batter,"4,5,6"
Heinrich Klaasen,47,48,4,2,97.9,Wicketkeeper Batter,"4,5,6"
David Miller,101,116,8,5,87.1,Middle order Batter,"5,6,7"
David Miller,101,116,8,5,87.1,Middle order Batter,"5,6,7"
Marco Jansen,0,1,0,0,0,Allrounder,"6,7,8"
Marco Jansen,0,1,0,0,0,Allrounder,"6,7,8"
Gerald Coetzee,19,39,2,0,48.7,Bowler,"7,8,9"
Gerald Coetzee,19,39,2,0,48.7,Bowler,"7,8,9"
Keshav Maharaj,4,8,0,0,50,Bowler,"8,9,10"
Keshav Maharaj,4,8,0,0,50,Bowler,"8,9,10"
Kagiso Rabada,10,12,0,1,83.3,Bowler,"9,10,11"
Kagiso Rabada,10,12,0,1,83.3,Bowler,"9,10,11"
Tabraiz Shamsi,1,5,0,0,20,Bowler,"10,11"
Tabraiz Shamsi,1,5,0,0,20,Bowler,"10,11"
Travis Head,62,48,9,2,129.2,Middle order Batter,1
Travis Head,62,48,9,2,129.2,Middle order Batter,1
David Warner,29,18,1,4,161.1,Opening Batter,"1,2,3"
David Warner,29,18,1,4,161.1,Opening Batter,"1,2,3"
Mitchell Marsh,0,6,0,0,0,Allrounder,"2,3,4"
Mitchell Marsh,0,6,0,0,0,Allrounder,"2,3,4"
Steve Smith,30,62,2,0,48.4,Top order Batter,"3,4,5"
Steve Smith,30,62,2,0,48.4,Top order Batter,"3,4,5"
Marnus Labuschagne,18,31,2,0,58.1,Top order Batter,"4,5,6"
Marnus Labuschagne,18,31,2,0,58.1,Top order Batter,"4,5,6"
Glenn Maxwell,1,5,0,0,20,Batting Allrounder,"5,6,7"
Glenn Maxwell,1,5,0,0,20,Batting Allrounder,"5,6,7"
Josh Inglis,28,49,3,0,57.1,Wicketkeeper Batter,"6,7,8"
Josh Inglis,28,49,3,0,57.1,Wicketkeeper Batter,"6,7,8"
Mitchell Starc,16,38,2,0,42.1,Bowler,"7,8,9"
Mitchell Starc,16,38,2,0,42.1,Bowler,"7,8,9"
Pat Cummins,14,29,2,0,48.3,Bowler,"8,9,10"
Pat Cummins,14,29,2,0,48.3,Bowler,"8,9,10"
Litton Das,0,1,0,0,0,Wicketkeeper Batter,1
Tanzid Hasan,16,17,4,0,94.1,Top order Batter,"1,2,3"
Mehidy Hasan Miraz,30,46,4,0,65.2,Allrounder,"2,3,4"
Najmul Hossain Shanto,7,8,1,0,87.5,Top order Batter,"3,4,5"
Shakib Al Hasan,40,51,3,2,78.4,Allrounder,"4,5,6"
Mushfiqur Rahim,66,75,6,2,88,Middle order Batter,"5,6,7"
Towhid Hridoy,13,25,0,0,52,Middle order Batter,"6,7,8"
Mahmudullah,41,49,2,2,83.7,Middle order Batter,"7,8,9"
Taskin Ahmed,17,19,0,2,89.5,Bowler,"8,9,10"
Mustafizur Rahman,4,10,0,0,40,Bowler,"9,10,11"
Shoriful Islam,2,3,0,0,66.7,Bowler,"10,11"
Devon Conway,45,59,3,0,76.3,Wicketkeeper Batter,1
Rachin Ravindra,9,13,2,0,69.2,Top order Batter,"1,2,3"
Kane Williamson,78,107,8,1,72.9,Top order Batter,"2,3,4"
Daryl Mitchell,89,67,6,4,132.8,Allrounder,"3,4,5"
Glenn Phillips,16,11,1,1,145.5,Wicketkeeper Batter,"4,5,6"
Abdullah Shafique,20,24,3,0,83.3,Top order Batter,1
Imam-ul-Haq,36,38,6,0,94.7,Top order Batter,"1,2,3"
Babar Azam,50,58,7,0,86.2,Top order Batter,"2,3,4"
Mohammad Rizwan,49,69,7,0,71,Wicketkeeper Batter,"3,4,5"
Saud Shakeel,6,10,0,0,60,Middle order Batter,"4,5,6"
Iftikhar Ahmed,4,4,1,0,100,Middle order Batter,"5,6,7"
Shadab Khan,2,5,0,0,40,Allrounder,"6,7,8"
Mohammad Nawaz,4,14,0,0,28.6,Allrounder,"7,8,9"
Hasan Ali,12,19,2,0,63.2,Bowler,"8,9,10"
Shaheen Afridi,2,10,0,0,20,Bowler,"9,10,11"
Haris Rauf,2,6,0,0,33.3,Bowler,"10,11"
Rohit Sharma,86,63,6,6,136.5,Top order Batter,1
Shubman Gill,16,11,4,0,145.5,Top order Batter,"1,2,3"
Virat Kohli,16,18,3,0,88.9,Top order Batter,"2,3,4"
Shreyas Iyer,53,62,3,2,85.5,Top order Batter,"3,4,5"
KL Rahul,19,29,2,0,65.5,Opening Batter,"4,5,6"
Rahmanullah Gurbaz,80,57,8,4,140.4,Wicketkeeper Batter,1
Ibrahim Zadran,28,48,3,0,58.3,Opening Batter,"1,2,3"
Rahmat Shah,3,8,0,0,37.5,Top order Batter,"2,3,4"
Hashmatullah Shahidi,14,36,0,0,38.9,Top order Batter,"3,4,5"
Azmatullah Omarzai,19,24,1,1,79.2,Allrounder,"4,5,6"
Ikram Alikhil,58,66,3,2,87.9,Wicketkeeper Batter,"5,6,7"
Mohammad Nabi,9,15,1,0,60,Allrounder,"6,7,8"
Rashid Khan,23,22,3,0,104.5,Bowling Allrounder,"7,8,9"
Mujeeb Ur Rahman,28,16,3,1,175,Bowler,"8,9,10"
Naveen-ul-Haq,5,6,1,0,83.3,Bowler,"9,10,11"
Fazalhaq Farooqi,2,4,0,0,50,Bowler,"10,11"
Jonny Bairstow,2,4,0,0,50,Wicketkeeper Batter,1
Dawid Malan,32,39,4,0,82.1,Top order Batter,"1,2,3"
Joe Root,11,17,2,0,64.7,Top order Batter,"2,3,4"
Harry Brook,66,61,7,1,108.2,Batter,"3,4,5"
Jos Buttler,9,18,1,0,50,Wicketkeeper Batter,"4,5,6"
Liam Livingstone,10,14,1,0,71.4,Batting Allrounder,"5,6,7"
Sam Curran,10,23,0,0,43.5,Allrounder,"6,7,8"
Chris Woakes,9,26,1,0,34.6,Allrounder,"7,8,9"
Adil Rashid,20,13,2,0,153.8,Bowler,"8,9,10"
Mark Wood,18,22,3,0,81.8,Bowler,"9,10,11"
Reece Topley,15,7,3,0,214.3,Bowler,"10,11"
Pathum Nissanka,61,67,8,0,91,Top order Batter,1
Kusal Janith Perera,78,82,12,0,95.1,Top order Batter,"1,2,3"
Kusal Mendis,9,13,0,0,69.2,Wicketkeeper Batter,"2,3,4"
Sadeera Samarawickrama,8,8,1,0,100,Top order Batter,"3,4,5"
Charith Asalanka,25,39,0,1,64.1,Batting Allrounder,"4,5,6"
Dhananjaya de Silva,7,13,1,0,53.8,Allrounder,"5,6,7"
Chamika Karunaratne,2,11,0,0,18.2,Bowling Allrounder,"7,8,9"
Maheesh Theekshana,0,5,0,0,0,Bowler,"8,9,10"
Lahiru Kumara,4,8,1,0,50,Bowler,"9,10,11"
Mitchell Marsh,52,51,9,0,102,Allrounder,1
David Warner,11,6,0,1,183.3,Opening Batter,"1,2,3"
Steve Smith,0,5,0,0,0,Top order Batter,"2,3,4"
Marnus Labuschagne,40,60,2,0,66.7,Top order Batter,"3,4,5"
Josh Inglis,58,59,5,1,98.3,Wicketkeeper Batter,"4,5,6"
Glenn Maxwell,31,21,4,2,147.6,Batting Allrounder,"5,6,7"
Marcus Stoinis,20,10,2,1,200,Batting Allrounder,"6,7,8"
Vikramjit Singh,2,16,0,0,12.5,Opening Batter,1
Max O'Dowd,18,25,4,0,72,Opening Batter,"1,2,3"
Colin Ackermann,12,25,1,0,48,Batting Allrounder,"2,3,4"
Bas de Leede,2,7,0,0,28.6,Batting Allrounder,"3,4,5"
Logan van Beek,10,27,1,0,37,Bowler,"7,8,9"
Roelof van der Merwe,29,19,3,1,152.6,Allrounder,"8,9,10"
Temba Bavuma,16,31,2,1,51.6,Top order Batter,1
Quinton de Kock,20,22,3,0,90.9,Wicketkeeper Batter,"1,2,3"
Rassie van der Dussen,4,7,0,0,57.1,Top order Batter,"2,3,4"
Aiden Markram,1,3,0,0,33.3,Opening Batter,"3,4,5"
Heinrich Klaasen,28,28,4,0,100,Wicketkeeper Batter,"4,5,6"
David Miller,43,52,4,1,82.7,Middle order Batter,"5,6,7"
Marco Jansen,9,25,0,0,36,Allrounder,"6,7,8"
Gerald Coetzee,22,23,2,1,95.7,Bowler,"7,8,9"
Keshav Maharaj,40,37,5,1,108.1,Bowler,"8,9,10"
Kagiso Rabada,9,6,0,1,150,Bowler,"9,10,11"
Lungi Ngidi,7,24,0,0,29.2,Bowler,"10,11"
Devon Conway,20,18,3,0,111.1,Wicketkeeper Batter,1
Will Young,54,64,4,3,84.4,Top order Batter,"1,2,3"
Rachin Ravindra,32,41,2,1,78,Top order Batter,"2,3,4"
Daryl Mitchell,1,7,0,0,14.3,Allrounder,"3,4,5"
Tom Latham,68,74,3,2,91.9,Top order Batter,"4,5,6"
Glenn Phillips,71,80,4,4,88.8,Wicketkeeper Batter,"5,6,7"
Mark Chapman,25,12,2,1,208.3,Middle order Batter,"6,7,8"
Mitchell Santner,7,5,1,0,140,Bowling Allrounder,"7,8,9"
Rahmanullah Gurbaz,11,21,0,1,52.4,Wicketkeeper Batter,1
Ibrahim Zadran,14,15,2,0,93.3,Opening Batter,"1,2,3"
Rahmat Shah,36,62,1,0,58.1,Top order Batter,"2,3,4"
Hashmatullah Shahidi,8,29,1,0,27.6,Top order Batter,"3,4,5"
Azmatullah Omarzai,27,32,2,0,84.4,Allrounder,"4,5,6"
Ikram Alikhil,19,21,3,0,90.5,Wicketkeeper Batter,"5,6,7"
Mohammad Nabi,7,9,1,0,77.8,Allrounder,"6,7,8"
Rashid Khan,8,13,0,1,61.5,Bowling Allrounder,"7,8,9"
Mujeeb Ur Rahman,4,3,1,0,133.3,Bowler,"8,9,10"
Naveen-ul-Haq,0,1,0,0,0,Bowler,"9,10,11"
Fazalhaq Farooqi,0,2,0,0,0,Bowler,"10,11"
Tanzid Hasan,51,43,5,3,118.6,Top order Batter,1
Litton Das,66,82,7,0,80.5,Wicketkeeper Batter,"1,2,3"
Najmul Hossain Shanto,8,17,0,0,47.1,Top order Batter,"2,3,4"
Mehidy Hasan Miraz,3,13,0,0,23.1,Allrounder,"3,4,5"
Towhid Hridoy,16,35,0,0,45.7,Middle order Batter,"4,5,6"
Mushfiqur Rahim,38,46,1,1,82.6,Middle order Batter,"5,6,7"
Mahmudullah,46,36,3,3,127.8,Middle order Batter,"6,7,8"
Nasum Ahmed,14,18,2,0,77.8,Bowler,"7,8,9"
Mustafizur Rahman,1,7,0,0,14.3,Bowler,"8,9,10"
Shoriful Islam,7,3,0,1,233.3,Bowler,"9,10,11"
Rohit Sharma,48,40,7,2,120,Top order Batter,1
Shubman Gill,53,55,5,2,96.4,Top order Batter,"1,2,3"
Virat Kohli,103,97,6,4,106.2,Top order Batter,"2,3,4"
Shreyas Iyer,19,25,2,0,76,Top order Batter,"3,4,5"
KL Rahul,34,34,3,1,100,Opening Batter,"4,5,6"
David Warner,163,124,14,9,131.5,Opening Batter,1
Mitchell Marsh,121,108,10,9,112,Allrounder,"1,2,3"
Glenn Maxwell,0,1,0,0,0,Batting Allrounder,"2,3,4"
Steve Smith,7,9,0,0,77.8,Top order Batter,"3,4,5"
Marcus Stoinis,21,24,1,1,87.5,Batting Allrounder,"4,5,6"
Josh Inglis,13,9,3,0,144.4,Wicketkeeper Batter,"5,6,7"
Marnus Labuschagne,8,12,1,0,66.7,Top order Batter,"6,7,8"
Pat Cummins,6,8,0,0,75,Bowler,"7,8,9"
Mitchell Starc,2,3,0,0,66.7,Bowler,"8,9,10"
Josh Hazlewood,0,1,0,0,0,Bowler,"9,10,11"
Adam Zampa,1,1,0,0,100,Bowler,"10,11"
Abdullah Shafique,64,61,7,2,104.9,Top order Batter,1
Imam-ul-Haq,70,71,10,0,98.6,Top order Batter,"1,2,3"
Babar Azam,18,14,3,0,128.6,Top order Batter,"2,3,4"
Mohammad Rizwan,46,40,5,0,115,Wicketkeeper Batter,"3,4,5"
Saud Shakeel,30,31,5,0,96.8,Middle order Batter,"4,5,6"
Iftikhar Ahmed,26,20,0,3,130,Middle order Batter,"5,6,7"
Mohammad Nawaz,14,16,0,1,87.5,Allrounder,"6,7,8"
Usama Mir,0,3,0,0,0,Bowler,"7,8,9"
Shaheen Afridi,10,8,2,0,125,Bowler,"8,9,10"
Hasan Ali,8,8,2,0,100,Bowler,"9,10,11"
Haris Rauf,0,1,0,0,0,Bowler,"10,11"
Vikramjit Singh,4,13,1,0,30.8,Opening Batter,1
Max O'Dowd,16,27,1,1,59.3,Opening Batter,"1,2,3"
Colin Ackermann,29,31,5,0,93.5,Batting Allrounder,"2,3,4"
Bas de Leede,6,21,0,0,28.6,Batting Allrounder,"3,4,5"
Logan van Beek,59,75,1,1,78.7,Bowler,"7,8,9"
Roelof van der Merwe,7,7,0,0,100,Allrounder,"8,9,10"
Paul van Meekeren,4,5,0,0,80,Bowler,"10,11"
Pathum Nissanka,54,52,9,0,103.8,Top order Batter,1
Kusal Janith Perera,5,8,1,0,62.5,Top order Batter,"1,2,3"
Kusal Mendis,11,17,2,0,64.7,Wicketkeeper Batter,"2,3,4"
Sadeera Samarawickrama,91,107,7,0,85,Top order Batter,"3,4,5"
Charith Asalanka,44,66,2,1,66.7,Batting Allrounder,"4,5,6"
Dhananjaya de Silva,30,37,1,2,81.1,Allrounder,"5,6,7"
Quinton de Kock,4,2,1,0,200,Wicketkeeper Batter,1
Reeza Hendricks,85,75,9,3,113.3,Top order Batter,"1,2,3"
Rassie van der Dussen,60,61,8,0,98.4,Top order Batter,"2,3,4"
Aiden Markram,42,44,4,0,95.5,Opening Batter,"3,4,5"
Heinrich Klaasen,109,67,12,4,162.7,Wicketkeeper Batter,"4,5,6"
David Miller,5,6,1,0,83.3,Middle order Batter,"5,6,7"
Marco Jansen,75,42,3,6,178.6,Allrounder,"6,7,8"
Gerald Coetzee,3,3,0,0,100,Bowler,"7,8,9"
Keshav Maharaj,1,1,0,0,100,Bowler,"8,9,10"
Jonny Bairstow,10,12,1,1,83.3,Wicketkeeper Batter,1
Dawid Malan,6,11,1,0,54.5,Top order Batter,"1,2,3"
Joe Root,2,6,0,0,33.3,Top order Batter,"2,3,4"
Ben Stokes,5,8,1,0,62.5,Allrounder,"3,4,5"
Harry Brook,17,25,2,1,68,Batter,"4,5,6"
Jos Buttler,15,7,2,1,214.3,Wicketkeeper Batter,"5,6,7"
David Willey,12,12,1,1,100,Bowler,"6,7,8"
Adil Rashid,10,14,1,0,71.4,Bowler,"7,8,9"
Mark Wood,43,17,2,5,252.9,Bowler,"9,10,11"
Reece Topley,0,0,0,0,---,Bowler,"10,11"
Devon Conway,0,9,0,0,0,Wicketkeeper Batter,1
Will Young,17,27,3,0,63,Top order Batter,"1,2,3"
Rachin Ravindra,75,87,6,1,86.2,Top order Batter,"2,3,4"
Daryl Mitchell,130,127,9,5,102.4,Allrounder,"3,4,5"
Tom Latham,5,7,1,0,71.4,Top order Batter,"4,5,6"
Glenn Phillips,23,26,0,1,88.5,Wicketkeeper Batter,"5,6,7"
Mark Chapman,6,8,0,0,75,Middle order Batter,"6,7,8"
Mitchell Santner,1,2,0,0,50,Bowling Allrounder,"7,8,9"
Matt Henry,0,1,0,0,0,Bowler,"8,9,10"
Lockie Ferguson,1,5,0,0,20,Bowler,"9,10,11"
Trent Boult,0,1,0,0,0,Bowler,"10,11"
Rohit Sharma,46,40,4,4,115,Top order Batter,1
Shubman Gill,26,31,5,0,83.9,Top order Batter,"1,2,3"
Virat Kohli,95,104,8,2,91.3,Top order Batter,"2,3,4"
Shreyas Iyer,33,29,6,0,113.8,Top order Batter,"3,4,5"
KL Rahul,27,35,3,0,77.1,Opening Batter,"4,5,6"
Suryakumar Yadav,2,4,0,0,50,Batter,"5,6,7"
Ravindra Jadeja,39,44,3,1,88.6,Allrounder,"6,7,8"
Mohammed Shami,1,1,0,0,100,Bowler,"7,8,9"
Abdullah Shafique,58,75,5,2,77.3,Top order Batter,1
Imam-ul-Haq,17,22,2,0,77.3,Top order Batter,"1,2,3"
Babar Azam,74,92,4,1,80.4,Top order Batter,"2,3,4"
Mohammad Rizwan,8,10,0,1,80,Wicketkeeper Batter,"3,4,5"
Saud Shakeel,25,34,3,0,73.5,Middle order Batter,"4,5,6"
Shadab Khan,40,38,1,1,105.3,Allrounder,"5,6,7"
Iftikhar Ahmed,40,27,2,4,148.1,Middle order Batter,"6,7,8"
Shaheen Afridi,3,3,0,0,100,Bowler,"7,8,9"
Rahmanullah Gurbaz,65,53,9,1,122.6,Wicketkeeper Batter,1
Ibrahim Zadran,87,113,10,0,77,Opening Batter,"1,2,3"
Rahmat Shah,77,84,5,2,91.7,Top order Batter,"2,3,4"
Hashmatullah Shahidi,48,45,4,0,106.7,Top order Batter,"3,4,5"
Quinton de Kock,174,140,15,7,124.3,Wicketkeeper Batter,1
Reeza Hendricks,12,19,1,0,63.2,Top order Batter,"1,2,3"
Rassie van der Dussen,1,7,0,0,14.3,Top order Batter,"2,3,4"
Aiden Markram,60,69,7,0,87,Opening Batter,"3,4,5"
Heinrich Klaasen,90,49,2,8,183.7,Wicketkeeper Batter,"4,5,6"
David Miller,34,15,1,4,226.7,Middle order Batter,"5,6,7"
Marco Jansen,1,1,0,0,100,Allrounder,"6,7,8"
Tanzid Hasan,12,17,1,0,70.6,Top order Batter,1
Litton Das,22,44,3,1,50,Wicketkeeper Batter,"1,2,3"
Najmul Hossain Shanto,0,1,0,0,0,Top order Batter,"2,3,4"
Shakib Al Hasan,1,4,0,0,25,Allrounder,"3,4,5"
Mushfiqur Rahim,8,17,1,0,47.1,Middle order Batter,"4,5,6"
Mahmudullah,111,111,11,4,100,Middle order Batter,"5,6,7"
Mehidy Hasan Miraz,11,19,1,0,57.9,Allrounder,"6,7,8"
Nasum Ahmed,19,19,3,0,100,Bowler,"7,8,9"
Hasan Mahmud,15,25,2,0,60,Bowler,"8,9,10"
Mustafizur Rahman,11,21,2,0,52.4,Bowler,"9,10,11"
Shoriful Islam,6,4,1,0,150,Bowler,"10,11"
Mitchell Marsh,9,15,2,0,60,Allrounder,1
David Warner,104,93,11,3,111.8,Opening Batter,"1,2,3"
Steve Smith,71,68,9,1,104.4,Top order Batter,"2,3,4"
Marnus Labuschagne,62,47,7,2,131.9,Top order Batter,"3,4,5"
Josh Inglis,14,12,1,1,116.7,Wicketkeeper Batter,"4,5,6"
Glenn Maxwell,106,44,9,8,240.9,Batting Allrounder,"5,6,7"
Cameron Green,8,11,1,0,72.7,Batting Allrounder,"6,7,8"
Pat Cummins,12,9,2,0,133.3,Bowler,"7,8,9"
Mitchell Starc,0,1,0,0,0,Bowler,"8,9,10"
Adam Zampa,1,1,0,0,100,Bowler,"9,10,11"
Vikramjit Singh,25,25,6,0,100,Opening Batter,1
Max O'Dowd,6,9,1,0,66.7,Opening Batter,"1,2,3"
Colin Ackermann,10,11,2,0,90.9,Batting Allrounder,"2,3,4"
Bas de Leede,4,7,1,0,57.1,Batting Allrounder,"4,5,6"
Logan van Beek,0,3,0,0,0,Bowler,"7,8,9"
Roelof van der Merwe,0,1,0,0,0,Allrounder,"8,9,10"
Paul van Meekeren,0,1,0,0,0,Bowler,"10,11"
Jonny Bairstow,30,31,3,0,96.8,Wicketkeeper Batter,1
Dawid Malan,28,25,6,0,112,Top order Batter,"1,2,3"
Joe Root,3,10,0,0,30,Top order Batter,"2,3,4"
Ben Stokes,43,73,6,0,58.9,Allrounder,"3,4,5"
Jos Buttler,8,6,1,0,133.3,Wicketkeeper Batter,"4,5,6"
Liam Livingstone,1,6,0,0,16.7,Batting Allrounder,"5,6,7"
Moeen Ali,15,15,1,0,100,Batting Allrounder,"6,7,8"
Chris Woakes,0,4,0,0,0,Allrounder,"7,8,9"
David Willey,14,17,1,1,82.4,Bowler,"8,9,10"
Adil Rashid,2,7,0,0,28.6,Bowler,"9,10,11"
Mark Wood,5,6,1,0,83.3,Bowler,"10,11"
Pathum Nissanka,77,83,7,2,92.8,Top order Batter,1
Kusal Janith Perera,4,5,1,0,80,Top order Batter,"1,2,3"
Kusal Mendis,11,12,2,0,91.7,Wicketkeeper Batter,"2,3,4"
Sadeera Samarawickrama,65,54,7,1,120.4,Top order Batter,"3,4,5"
Abdullah Shafique,9,17,1,0,52.9,Top order Batter,1
Imam-ul-Haq,12,18,2,0,66.7,Top order Batter,"1,2,3"
Babar Azam,50,65,4,1,76.9,Top order Batter,"2,3,4"
Mohammad Rizwan,31,27,4,1,114.8,Wicketkeeper Batter,"3,4,5"
Iftikhar Ahmed,21,31,1,1,67.7,Middle order Batter,"4,5,6"
Saud Shakeel,52,52,7,0,100,Middle order Batter,"5,6,7"
Shadab Khan,43,36,3,2,119.4,Allrounder,"6,7,8"
Mohammad Nawaz,24,24,1,2,100,Allrounder,"7,8,9"
Shaheen Afridi,2,4,0,0,50,Bowler,"8,9,10"
Mohammad Wasim Jr,7,9,0,1,77.8,Bowler,"9,10,11"
Haris Rauf,0,1,0,0,0,Bowler,"10,11"
Temba Bavuma,28,27,4,1,103.7,Top order Batter,1
Quinton de Kock,24,14,5,0,171.4,Wicketkeeper Batter,"1,2,3"
Rassie van der Dussen,21,39,0,0,53.8,Top order Batter,"2,3,4"
Aiden Markram,91,93,7,3,97.8,Opening Batter,"3,4,5"
Heinrich Klaasen,12,10,0,1,120,Wicketkeeper Batter,"4,5,6"
David Miller,29,33,2,2,87.9,Middle order Batter,"5,6,7"
Marco Jansen,20,14,2,1,142.9,Allrounder,"6,7,8"
Gerald Coetzee,10,13,0,0,76.9,Bowler,"7,8,9"
Keshav Maharaj,7,21,1,0,33.3,Bowler,"8,9,10"
Lungi Ngidi,4,14,0,0,28.6,Bowler,"9,10,11"
Tabraiz Shamsi,4,6,0,0,66.7,Bowler,"10,11"
David Warner,81,65,5,6,124.6,Opening Batter,1
Travis Head,109,67,10,7,162.7,Middle order Batter,"1,2,3"
Mitchell Marsh,36,51,2,0,70.6,Allrounder,"2,3,4"
Steve Smith,18,17,2,0,105.9,Top order Batter,"3,4,5"
Marnus Labuschagne,18,26,2,0,69.2,Top order Batter,"4,5,6"
Glenn Maxwell,41,24,5,2,170.8,Batting Allrounder,"5,6,7"
Josh Inglis,38,28,4,1,135.7,Wicketkeeper Batter,"6,7,8"
Pat Cummins,37,14,2,4,264.3,Bowler,"7,8,9"
Mitchell Starc,1,3,0,0,33.3,Bowler,"8,9,10"
Adam Zampa,0,3,0,0,0,Bowler,"9,10,11"
Josh Hazlewood,0,0,0,0,---,Bowler,"10,11"
Devon Conway,28,17,6,0,164.7,Wicketkeeper Batter,1
Will Young,32,37,4,1,86.5,Top order Batter,"1,2,3"
Rachin Ravindra,116,89,9,5,130.3,Top order Batter,"2,3,4"
Daryl Mitchell,54,51,6,1,105.9,Allrounder,"3,4,5"
Tom Latham,21,22,2,0,95.5,Top order Batter,"4,5,6"
Glenn Phillips,12,16,1,0,75,Wicketkeeper Batter,"5,6,7"
Jimmy Neesham,58,39,3,3,148.7,Allrounder,"6,7,8"
Mitchell Santner,17,12,1,1,141.7,Bowling Allrounder,"7,8,9"
Matt Henry,9,8,1,0,112.5,Bowler,"8,9,10"
Trent Boult,10,8,0,1,125,Bowler,"9,10,11"
Lockie Ferguson,0,1,0,0,0,Bowler,"10,11"
Vikramjit Singh,3,9,0,0,33.3,Opening Batter,1
Max O'Dowd,0,3,0,0,0,Opening Batter,"1,2,3"
Colin Ackermann,15,33,1,0,45.5,Batting Allrounder,"3,4,5"
Bas de Leede,17,32,2,0,53.1,Batting Allrounder,"5,6,7"
Logan van Beek,23,16,2,1,143.8,Bowler,"7,8,9"
Shariz Ahmad,6,8,0,0,75,Bowler,"8,9,10"
Paul van Meekeren,0,2,0,0,0,Bowler,"10,11"
Litton Das,3,12,0,0,25,Wicketkeeper Batter,1
Tanzid Hasan,15,16,3,0,93.8,Top order Batter,"1,2,3"
Mehidy Hasan Miraz,35,40,5,1,87.5,Allrounder,"2,3,4"
Najmul Hossain Shanto,9,18,2,0,50,Top order Batter,"3,4,5"
Shakib Al Hasan,5,14,0,0,35.7,Allrounder,"4,5,6"
Mushfiqur Rahim,1,5,0,0,20,Middle order Batter,"5,6,7"
Mahmudullah,20,41,2,0,48.8,Middle order Batter,"6,7,8"
Mahedi Hasan,17,38,1,0,44.7,Allrounder,"7,8,9"
Taskin Ahmed,11,35,1,0,31.4,Bowler,"8,9,10"
Mustafizur Rahman,20,35,2,1,57.1,Bowler,"9,10,11"
Shoriful Islam,0,0,0,0,---,Bowler,"10,11"
Rohit Sharma,87,101,10,3,86.1,Top order Batter,1
Shubman Gill,9,13,1,0,69.2,Top order Batter,"1,2,3"
Virat Kohli,0,9,0,0,0,Top order Batter,"2,3,4"
Shreyas Iyer,4,16,0,0,25,Top order Batter,"3,4,5"
KL Rahul,39,58,3,0,67.2,Opening Batter,"4,5,6"
Suryakumar Yadav,49,47,4,1,104.3,Batter,"5,6,7"
Ravindra Jadeja,8,13,0,0,61.5,Allrounder,"6,7,8"
Mohammed Shami,1,5,0,0,20,Bowler,"7,8,9"
Jasprit Bumrah,16,25,1,0,64,Bowler,"8,9,10"
Kuldeep Yadav,9,13,1,0,69.2,Bowler,"9,10,11"
Jonny Bairstow,14,23,2,0,60.9,Wicketkeeper Batter,1
Dawid Malan,16,17,2,1,94.1,Top order Batter,"1,2,3"
Joe Root,0,1,0,0,0,Top order Batter,"2,3,4"
Ben Stokes,0,10,0,0,0,Allrounder,"3,4,5"
Jos Buttler,10,23,1,0,43.5,Wicketkeeper Batter,"4,5,6"
Moeen Ali,15,31,0,0,48.4,Batting Allrounder,"5,6,7"
Liam Livingstone,27,46,2,0,58.7,Batting Allrounder,"6,7,8"
Chris Woakes,10,20,1,0,50,Allrounder,"7,8,9"
David Willey,16,17,0,2,94.1,Bowler,"8,9,10"
Adil Rashid,13,20,2,0,65,Bowler,"9,10,11"
Mark Wood,0,0,0,0,---,Bowler,"10,11"
Pathum Nissanka,46,60,5,0,76.7,Top order Batter,1
Dimuth Karunaratne,15,21,1,0,71.4,Top order Batter,"1,2,3"
Kusal Mendis,39,50,3,0,78,Wicketkeeper Batter,"2,3,4"
Sadeera Samarawickrama,36,40,3,0,90,Top order Batter,"3,4,5"
Charith Asalanka,22,28,2,0,78.6,Batting Allrounder,"4,5,6"
Dhananjaya de Silva,14,26,1,0,53.8,Allrounder,"5,6,7"
Angelo Mathews,23,26,1,1,88.5,Allrounder,"6,7,8"
Dushmantha Chameera,1,4,0,0,25,Bowler,"7,8,9"
Maheesh Theekshana,29,31,3,1,93.5,Bowler,"8,9,10"
Kasun Rajitha,5,7,0,0,71.4,Bowler,"9,10,11"
Rahmanullah Gurbaz,0,4,0,0,0,Wicketkeeper Batter,1
Ibrahim Zadran,39,57,4,1,68.4,Opening Batter,"1,2,3"
Rahmat Shah,62,74,7,0,83.8,Top order Batter,"2,3,4"
Hashmatullah Shahidi,58,74,2,1,78.4,Top order Batter,"3,4,5"
Azmatullah Omarzai,73,63,6,3,115.9,Allrounder,"4,5,6"
Tanzid Hasan,0,5,0,0,0,Top order Batter,1
Litton Das,45,64,6,0,70.3,Wicketkeeper Batter,"1,2,3"
Najmul Hossain Shanto,4,3,1,0,133.3,Top order Batter,"2,3,4"
Mushfiqur Rahim,5,8,1,0,62.5,Middle order Batter,"3,4,5"
Mahmudullah,56,70,6,1,80,Middle order Batter,"4,5,6"
Shakib Al Hasan,43,64,4,0,67.2,Allrounder,"5,6,7"
Towhid Hridoy,7,3,0,1,233.3,Middle order Batter,"6,7,8"
Mehidy Hasan Miraz,25,30,1,1,83.3,Allrounder,"7,8,9"
Taskin Ahmed,6,13,0,0,46.2,Bowler,"8,9,10"
Mustafizur Rahman,3,7,0,0,42.9,Bowler,"9,10,11"
Shoriful Islam,1,4,0,0,25,Bowler,"10,11"
Abdullah Shafique,68,69,9,2,98.6,Top order Batter,1
Fakhar Zaman,81,74,3,7,109.5,Opening Batter,"1,2,3"
Babar Azam,9,16,1,0,56.3,Top order Batter,"2,3,4"
Mohammad Rizwan,26,21,4,0,123.8,Wicketkeeper Batter,"3,4,5"
Iftikhar Ahmed,17,15,2,0,113.3,Middle order Batter,"4,5,6"
Quinton de Kock,114,116,10,3,98.3,Wicketkeeper Batter,1
Temba Bavuma,24,28,4,1,85.7,Top order Batter,"1,2,3"
Rassie van der Dussen,133,118,9,5,112.7,Top order Batter,"2,3,4"
David Miller,53,30,2,4,176.7,Middle order Batter,"3,4,5"
Heinrich Klaasen,15,7,1,1,214.3,Wicketkeeper Batter,"4,5,6"
Aiden Markram,6,1,0,1,600,Opening Batter,"5,6,7"
Devon Conway,2,6,0,0,33.3,Wicketkeeper Batter,1
Will Young,33,37,5,0,89.2,Top order Batter,"1,2,3"
Rachin Ravindra,9,16,1,0,56.3,Top order Batter,"2,3,4"
Daryl Mitchell,24,30,4,0,80,Allrounder,"3,4,5"
Tom Latham,4,15,0,0,26.7,Top order Batter,"4,5,6"
Glenn Phillips,60,50,4,4,120,Wicketkeeper Batter,"5,6,7"
Mitchell Santner,7,18,1,0,38.9,Bowling Allrounder,"6,7,8"
Tim Southee,7,11,1,0,63.6,Bowler,"7,8,9"
Jimmy Neesham,0,8,0,0,0,Allrounder,"8,9,10"
Trent Boult,9,14,1,0,64.3,Bowler,"9,10,11"
Matt Henry,0,9,0,0,0,Bowler,"10,11"
Rohit Sharma,4,2,1,0,200,Top order Batter,1
Shubman Gill,92,92,11,2,100,Top order Batter,"1,2,3"
Virat Kohli,88,94,11,0,93.6,Top order Batter,"2,3,4"
Shreyas Iyer,82,56,3,6,146.4,Top order Batter,"3,4,5"
KL Rahul,21,19,2,0,110.5,Opening Batter,"4,5,6"
Suryakumar Yadav,12,9,2,0,133.3,Batter,"5,6,7"
Ravindra Jadeja,35,24,1,1,145.8,Allrounder,"6,7,8"
Mohammed Shami,2,4,0,0,50,Bowler,"7,8,9"
Jasprit Bumrah,1,1,0,0,100,Bowler,"8,9,10"
Pathum Nissanka,0,1,0,0,0,Top order Batter,1
Dimuth Karunaratne,0,1,0,0,0,Top order Batter,"1,2,3"
Kusal Mendis,1,10,0,0,10,Wicketkeeper Batter,"2,3,4"
Sadeera Samarawickrama,0,4,0,0,0,Top order Batter,"3,4,5"
Charith Asalanka,1,24,0,0,4.2,Batting Allrounder,"4,5,6"
Angelo Mathews,12,25,1,0,48,Allrounder,"5,6,7"
Dushmantha Chameera,0,6,0,0,0,Bowler,"7,8,9"
Maheesh Theekshana,12,23,2,0,52.2,Bowler,"8,9,10"
Kasun Rajitha,14,17,2,0,82.4,Bowler,"9,10,11"
Max O'Dowd,42,40,9,0,105,Opening Batter,"1,2,3"
Colin Ackermann,29,35,4,0,82.9,Batting Allrounder,"2,3,4"
Bas de Leede,3,6,0,0,50,Batting Allrounder,"5,6,7"
Logan van Beek,2,13,0,0,15.4,Bowler,"7,8,9"
Roelof van der Merwe,11,33,0,0,33.3,Allrounder,"8,9,10"
Paul van Meekeren,4,24,0,0,16.7,Bowler,"10,11"
Rahmanullah Gurbaz,10,11,2,0,90.9,Wicketkeeper Batter,1
Ibrahim Zadran,20,34,2,0,58.8,Opening Batter,"1,2,3"
Rahmat Shah,52,54,8,0,96.3,Top order Batter,"2,3,4"
Hashmatullah Shahidi,56,64,6,0,87.5,Top order Batter,"3,4,5"
Azmatullah Omarzai,31,28,3,0,110.7,Allrounder,"4,5,6"
Devon Conway,35,39,6,0,89.7,Wicketkeeper Batter,1
Rachin Ravindra,108,94,15,1,114.9,Top order Batter,"1,2,3"
Kane Williamson,95,79,10,2,120.3,Top order Batter,"2,3,4"
Daryl Mitchell,29,18,4,1,161.1,Allrounder,"3,4,5"
Mark Chapman,39,27,7,0,144.4,Middle order Batter,"4,5,6"
Glenn Phillips,41,25,4,2,164,Wicketkeeper Batter,"5,6,7"
Mitchell Santner,26,17,0,2,152.9,Bowling Allrounder,"6,7,8"
Tom Latham,2,2,0,0,100,Top order Batter,"7,8,9"
Abdullah Shafique,4,9,1,0,44.4,Top order Batter,1
Fakhar Zaman,126,81,8,11,155.6,Opening Batter,"1,2,3"
Babar Azam,66,63,6,2,104.8,Top order Batter,"2,3,4"
Travis Head,11,10,1,0,110,Middle order Batter,1
David Warner,15,16,1,1,93.8,Opening Batter,"1,2,3"
Steve Smith,44,52,3,0,84.6,Top order Batter,"2,3,4"
Marnus Labuschagne,71,83,7,0,85.5,Top order Batter,"3,4,5"
Josh Inglis,3,6,0,0,50,Wicketkeeper Batter,"4,5,6"
Cameron Green,47,52,5,0,90.4,Batting Allrounder,"5,6,7"
Marcus Stoinis,35,32,3,2,109.4,Batting Allrounder,"6,7,8"
Pat Cummins,10,13,1,0,76.9,Bowler,"7,8,9"
Mitchell Starc,10,13,0,0,76.9,Bowler,"8,9,10"
Adam Zampa,29,19,4,0,152.6,Bowler,"9,10,11"
Josh Hazlewood,1,1,0,0,100,Bowler,"10,11"
Jonny Bairstow,0,1,0,0,0,Wicketkeeper Batter,1
Dawid Malan,50,64,4,1,78.1,Top order Batter,"1,2,3"
Joe Root,13,17,2,0,76.5,Top order Batter,"2,3,4"
Ben Stokes,64,90,2,3,71.1,Allrounder,"3,4,5"
Jos Buttler,1,7,0,0,14.3,Wicketkeeper Batter,"4,5,6"
Moeen Ali,42,43,6,0,97.7,Batting Allrounder,"5,6,7"
Liam Livingstone,2,5,0,0,40,Batting Allrounder,"6,7,8"
Chris Woakes,32,33,4,1,97,Allrounder,"7,8,9"
David Willey,15,14,3,0,107.1,Bowler,"8,9,10"
Adil Rashid,20,15,1,1,133.3,Bowler,"9,10,11"
Mark Wood,0,0,0,0,---,Bowler,"10,11"
Rohit Sharma,40,24,6,2,166.7,Top order Batter,1
Shubman Gill,23,24,4,1,95.8,Top order Batter,"1,2,3"
Virat Kohli,101,121,10,0,83.5,Top order Batter,"2,3,4"
Shreyas Iyer,77,87,7,2,88.5,Top order Batter,"3,4,5"
KL Rahul,8,17,0,0,47.1,Opening Batter,"4,5,6"
Suryakumar Yadav,22,14,5,0,157.1,Batter,"5,6,7"
Ravindra Jadeja,29,15,3,1,193.3,Allrounder,"6,7,8"
Quinton de Kock,5,10,1,0,50,Wicketkeeper Batter,1
Temba Bavuma,11,19,1,0,57.9,Top order Batter,"1,2,3"
Rassie van der Dussen,13,32,1,0,40.6,Top order Batter,"2,3,4"
Aiden Markram,9,6,2,0,150,Opening Batter,"3,4,5"
Heinrich Klaasen,1,11,0,0,9.1,Wicketkeeper Batter,"4,5,6"
David Miller,11,11,2,0,100,Middle order Batter,"5,6,7"
Marco Jansen,14,30,1,0,46.7,Allrounder,"6,7,8"
Keshav Maharaj,7,11,1,0,63.6,Bowler,"7,8,9"
Kagiso Rabada,6,26,0,0,23.1,Bowler,"8,9,10"
Lungi Ngidi,0,3,0,0,0,Bowler,"9,10,11"
Tabraiz Shamsi,4,4,1,0,100,Bowler,"10,11"
Pathum Nissanka,41,36,8,0,113.9,Top order Batter,1
Kusal Janith Perera,4,5,1,0,80,Top order Batter,"1,2,3"
Kusal Mendis,19,30,1,1,63.3,Wicketkeeper Batter,"2,3,4"
Sadeera Samarawickrama,41,42,4,0,97.6,Top order Batter,"3,4,5"
Charith Asalanka,108,105,6,5,102.9,Batting Allrounder,"4,5,6"
Angelo Mathews,0,0,0,0,---,Allrounder,"5,6,7"
Dhananjaya de Silva,34,36,4,1,94.4,Allrounder,"6,7,8"
Maheesh Theekshana,21,31,3,0,67.7,Bowler,"7,8,9"
Dushmantha Chameera,4,9,0,0,44.4,Bowler,"8,9,10"
Kasun Rajitha,0,2,0,0,0,Bowler,"9,10,11"
Tanzid Hasan,9,5,2,0,180,Top order Batter,1
Litton Das,23,22,2,2,104.5,Wicketkeeper Batter,"1,2,3"
Najmul Hossain Shanto,90,101,12,0,89.1,Top order Batter,"2,3,4"
Shakib Al Hasan,82,65,12,2,126.2,Allrounder,"3,4,5"
Mahmudullah,22,23,3,1,95.7,Middle order Batter,"4,5,6"
Mushfiqur Rahim,10,13,1,0,76.9,Middle order Batter,"5,6,7"
Towhid Hridoy,15,7,0,2,214.3,Middle order Batter,"6,7,8"
Mehidy Hasan Miraz,3,5,0,0,60,Allrounder,"7,8,9"
Tanzim Hasan,5,6,1,0,83.3,Top order Batter,"8,9,10"
Rahmanullah Gurbaz,21,25,2,0,84,Wicketkeeper Batter,1
Ibrahim Zadran,129,143,8,3,90.2,Opening Batter,"1,2,3"
Rahmat Shah,30,44,1,0,68.2,Top order Batter,"2,3,4"
Hashmatullah Shahidi,26,43,2,0,60.5,Top order Batter,"3,4,5"
Azmatullah Omarzai,22,18,1,2,122.2,Allrounder,"4,5,6"
Mohammad Nabi,12,10,0,1,120,Allrounder,"5,6,7"
Rashid Khan,35,18,2,3,194.4,Bowling Allrounder,"6,7,8"
David Warner,18,29,3,0,62.1,Opening Batter,1
Travis Head,0,2,0,0,0,Middle order Batter,"1,2,3"
Mitchell Marsh,24,11,2,2,218.2,Allrounder,"2,3,4"
Marnus Labuschagne,14,28,2,0,50,Top order Batter,"3,4,5"
Josh Inglis,0,1,0,0,0,Wicketkeeper Batter,"4,5,6"
Glenn Maxwell,201,128,21,10,157,Batting Allrounder,"5,6,7"
Marcus Stoinis,6,7,1,0,85.7,Batting Allrounder,"6,7,8"
Mitchell Starc,3,7,0,0,42.9,Bowler,"7,8,9"
Pat Cummins,12,68,1,0,17.6,Bowler,"8,9,10"
Jonny Bairstow,15,17,2,0,88.2,Wicketkeeper Batter,1
Dawid Malan,87,74,10,2,117.6,Top order Batter,"1,2,3"
Joe Root,28,35,1,0,80,Top order Batter,"2,3,4"
Ben Stokes,108,84,6,6,128.6,Allrounder,"3,4,5"
Harry Brook,11,16,2,0,68.8,Batter,"4,5,6"
Jos Buttler,5,11,0,0,45.5,Wicketkeeper Batter,"5,6,7"
Moeen Ali,4,15,0,0,26.7,Batting Allrounder,"6,7,8"
Chris Woakes,51,45,5,1,113.3,Allrounder,"7,8,9"
David Willey,6,2,0,1,300,Bowler,"8,9,10"
Adil Rashid,1,1,0,0,100,Bowler,"10,11"
Max O'Dowd,5,11,1,0,45.5,Opening Batter,"1,2,3"
Colin Ackermann,0,2,0,0,0,Batting Allrounder,"2,3,4"
Bas de Leede,10,12,2,0,83.3,Batting Allrounder,"5,6,7"
Logan van Beek,2,2,0,0,100,Bowler,"7,8,9"
Roelof van der Merwe,0,4,0,0,0,Allrounder,"8,9,10"
Paul van Meekeren,4,3,1,0,133.3,Bowler,"10,11"
Pathum Nissanka,2,8,0,0,25,Top order Batter,1
Kusal Janith Perera,51,28,9,2,182.1,Top order Batter,"1,2,3"
Kusal Mendis,6,7,1,0,85.7,Wicketkeeper Batter,"2,3,4"
Sadeera Samarawickrama,1,2,0,0,50,Top order Batter,"3,4,5"
Charith Asalanka,8,8,1,0,100,Batting Allrounder,"4,5,6"
Angelo Mathews,16,27,2,0,59.3,Allrounder,"5,6,7"
Dhananjaya de Silva,19,24,2,1,79.2,Allrounder,"6,7,8"
Chamika Karunaratne,6,17,1,0,35.3,Bowling Allrounder,"7,8,9"
Maheesh Theekshana,38,91,3,0,41.8,Bowler,"8,9,10"
Dushmantha Chameera,1,20,0,0,5,Bowler,"9,10,11"
Devon Conway,45,42,9,0,107.1,Wicketkeeper Batter,1
Rachin Ravindra,42,34,3,3,123.5,Top order Batter,"1,2,3"
Kane Williamson,14,15,2,0,93.3,Top order Batter,"2,3,4"
Daryl Mitchell,43,31,5,2,138.7,Allrounder,"3,4,5"
Mark Chapman,7,6,1,0,116.7,Middle order Batter,"4,5,6"
Glenn Phillips,17,10,3,0,170,Wicketkeeper Batter,"5,6,7"
Tom Latham,2,2,0,0,100,Top order Batter,"6,7,8"
Rahmanullah Gurbaz,25,22,3,1,113.6,Wicketkeeper Batter,1
Ibrahim Zadran,15,30,3,0,50,Opening Batter,"1,2,3"
Rahmat Shah,26,46,2,0,56.5,Top order Batter,"2,3,4"
Hashmatullah Shahidi,2,7,0,0,28.6,Top order Batter,"3,4,5"
Azmatullah Omarzai,97,107,7,3,90.7,Allrounder,"4,5,6"
Ikram Alikhil,12,14,1,1,85.7,Wicketkeeper Batter,"5,6,7"
Mohammad Nabi,2,3,0,0,66.7,Allrounder,"6,7,8"
Rashid Khan,14,30,0,0,46.7,Bowling Allrounder,"7,8,9"
Noor Ahmad,26,32,4,0,81.3,Bowler,"8,9,10"
Mujeeb Ur Rahman,8,5,0,1,160,Bowler,"9,10,11"
Naveen-ul-Haq,2,4,0,0,50,Bowler,"10,11"
Quinton de Kock,41,47,2,3,87.2,Wicketkeeper Batter,1
Temba Bavuma,23,28,3,0,82.1,Top order Batter,"1,2,3"
Rassie van der Dussen,76,95,6,1,80,Top order Batter,"2,3,4"
Aiden Markram,25,32,1,1,78.1,Opening Batter,"3,4,5"
Heinrich Klaasen,10,13,1,0,76.9,Wicketkeeper Batter,"4,5,6"
David Miller,24,33,1,1,72.7,Middle order Batter,"5,6,7"
Andile Phehlukwayo,39,37,1,3,105.4,Allrounder,"6,7,8"
Tanzid Hasan,36,34,6,0,105.9,Top order Batter,1
Litton Das,36,45,5,0,80,Wicketkeeper Batter,"1,2,3"
Najmul Hossain Shanto,45,57,6,0,78.9,Top order Batter,"2,3,4"
Towhid Hridoy,74,79,5,2,93.7,Middle order Batter,"3,4,5"
Mahmudullah,32,28,1,3,114.3,Middle order Batter,"4,5,6"
Mushfiqur Rahim,21,24,0,1,87.5,Middle order Batter,"5,6,7"
Mehidy Hasan Miraz,29,20,4,0,145,Allrounder,"6,7,8"
Nasum Ahmed,7,11,0,0,63.6,Bowler,"7,8,9"
Mahedi Hasan,2,3,0,0,66.7,Allrounder,"8,9,10"
Taskin Ahmed,0,1,0,0,0,Bowler,"9,10,11"
Travis Head,10,11,2,0,90.9,Middle order Batter,1
David Warner,53,61,6,0,86.9,Opening Batter,"1,2,3"
Mitchell Marsh,177,132,17,9,134.1,Allrounder,"2,3,4"
Steve Smith,63,64,4,1,98.4,Top order Batter,"3,4,5"
Dawid Malan,31,39,5,0,79.5,Top order Batter,1
Jonny Bairstow,59,61,7,1,96.7,Wicketkeeper Batter,"1,2,3"
Joe Root,60,72,4,0,83.3,Top order Batter,"2,3,4"
Ben Stokes,84,76,11,2,110.5,Allrounder,"3,4,5"
Jos Buttler,27,18,3,1,150,Wicketkeeper Batter,"4,5,6"
Harry Brook,30,17,2,2,176.5,Batter,"5,6,7"
Moeen Ali,8,6,0,1,133.3,Batting Allrounder,"6,7,8"
Chris Woakes,4,4,1,0,100,Allrounder,"7,8,9"
David Willey,15,5,2,1,300,Bowler,"8,9,10"
Adil Rashid,0,1,0,0,0,Bowler,"10,11"
Abdullah Shafique,0,2,0,0,0,Top order Batter,1
Fakhar Zaman,1,9,0,0,11.1,Opening Batter,"1,2,3"
Babar Azam,38,45,6,0,84.4,Top order Batter,"2,3,4"
Mohammad Rizwan,36,51,2,0,70.6,Wicketkeeper Batter,"3,4,5"
Saud Shakeel,29,37,4,0,78.4,Middle order Batter,"4,5,6"
Agha Salman,51,45,6,1,113.3,Allrounder,"5,6,7"
Iftikhar Ahmed,3,5,0,0,60,Middle order Batter,"6,7,8"
Shadab Khan,4,7,1,0,57.1,Allrounder,"7,8,9"
Shaheen Afridi,25,23,3,1,108.7,Bowler,"8,9,10"
Mohammad Wasim Jr,16,14,2,1,114.3,Bowler,"9,10,11"
Haris Rauf,35,23,3,3,152.2,Bowler,"10,11"
Rohit Sharma,61,54,8,2,113,Top order Batter,1
Shubman Gill,51,32,3,4,159.4,Top order Batter,"1,2,3"
Virat Kohli,51,56,5,1,91.1,Top order Batter,"2,3,4"
Shreyas Iyer,128,94,10,5,136.2,Top order Batter,"3,4,5"
KL Rahul,102,64,11,4,159.4,Opening Batter,"4,5,6"
Suryakumar Yadav,2,1,0,0,200,Batter,"5,6,7"
Max O'Dowd,30,42,3,1,71.4,Opening Batter,"1,2,3"
Colin Ackermann,35,32,6,0,109.4,Batting Allrounder,"2,3,4"
Bas de Leede,12,21,1,0,57.1,Batting Allrounder,"5,6,7"
Logan van Beek,16,15,2,0,106.7,Bowler,"7,8,9"
Roelof van der Merwe,16,8,1,2,200,Allrounder,"8,9,10"
Paul van Meekeren,3,4,0,0,75,Bowler,"10,11"
Rohit Sharma,47,29,4,4,162.1,Top order Batter,1
Shubman Gill,80,66,8,3,121.2,Top order Batter,"1,2,3"
Virat Kohli,117,113,9,2,103.5,Top order Batter,"2,3,4"
Shreyas Iyer,105,70,4,8,150,Top order Batter,"3,4,5"
KL Rahul,39,20,5,2,195,Opening Batter,"4,5,6"
Suryakumar Yadav,1,2,0,0,50,Batter,"5,6,7"
Devon Conway,13,15,3,0,86.7,Wicketkeeper Batter,1
Rachin Ravindra,13,22,3,0,59.1,Top order Batter,"1,2,3"
Kane Williamson,69,73,8,1,94.5,Top order Batter,"2,3,4"
Daryl Mitchell,134,119,9,7,112.6,Allrounder,"3,4,5"
Tom Latham,0,2,0,0,0,Top order Batter,"4,5,6"
Glenn Phillips,41,33,4,2,124.2,Wicketkeeper Batter,"5,6,7"
Mark Chapman,2,5,0,0,40,Middle order Batter,"6,7,8"
Mitchell Santner,9,10,0,0,90,Bowling Allrounder,"7,8,9"
Tim Southee,9,10,1,0,90,Bowler,"8,9,10"
Trent Boult,2,2,0,0,100,Bowler,"9,10,11"
Lockie Ferguson,6,3,0,1,200,Bowler,"10,11"
Rohit Sharma,47,31,4,3,151.6,Top order Batter,1
Shubman Gill,4,7,0,0,57.1,Top order Batter,"1,2,3"
Virat Kohli,54,63,4,0,85.7,Top order Batter,"2,3,4"
Shreyas Iyer,4,3,1,0,133.3,Top order Batter,"3,4,5"
KL Rahul,66,107,1,0,61.7,Opening Batter,"4,5,6"
Ravindra Jadeja,9,22,0,0,40.9,Allrounder,"5,6,7"
Suryakumar Yadav,18,28,1,0,64.3,Batter,"6,7,8"
Mohammed Shami,6,10,1,0,60,Bowler,"7,8,9"
Jasprit Bumrah,1,3,0,0,33.3,Bowler,"8,9,10"
Kuldeep Yadav,10,18,0,0,55.6,Bowler,"9,10,11"
Mohammed Siraj,9,8,1,0,112.5,Bowler,"10,11"
David Warner,7,3,1,0,233.3,Opening Batter,1
Travis Head,137,120,15,4,114.2,Middle order Batter,"1,2,3"
Mitchell Marsh,15,15,1,1,100,Allrounder,"2,3,4"
Steve Smith,4,9,1,0,44.4,Top order Batter,"3,4,5"
Marnus Labuschagne,58,110,4,0,52.7,Top order Batter,"4,5,6"
Glenn Maxwell,2,1,0,0,200,Batting Allrounder,"5,6,7"