Batsman_Name,Runs,Balls,4s,6s,Strike_Rate,battingStyle,playingRole,Batting_Order,Range
Jonny Bairstow,33,35,4,1,94.30,Right hand Bat,Wicketkeeper Batter,1,1
Dawid Malan,14,24,2,0,58.30,Left hand Bat,Top order Batter,2,"1,2,3"
Joe Root,77,86,4,1,89.50,Right hand Bat,Top order Batter,3,"2,3,4"
Harry Brook,25,16,4,1,156.30,Right hand Bat,Batter,4,"3,4,5"
Moeen Ali,11,17,1,0,64.70,Left hand Bat,Batting Allrounder,5,"4,5,6"
Jos Buttler,43,42,2,2,102.40,Right hand Bat,Wicketkeeper Batter,6,"5,6,7"
Liam Livingstone,20,22,3,0,90.90,Right hand Bat,Batting Allrounder,7,"6,7,8"
Sam Curran,14,19,0,0,73.70,Left hand Bat,Allrounder,8,"7,8,9"
Chris Woakes,11,12,1,0,91.70,Right hand Bat,Allrounder,9,"8,9,10"
Adil Rashid,15,13,0,1,115.40,Right hand Bat,Bowler,10,"9,10,11"
Mark Wood,13,14,0,0,92.90,Right hand Bat,Bowler,11,"10,11"
Devon Conway,152,121,19,3,125.60,Left hand Bat,Wicketkeeper Batter,1,1
Will Young,0,1,0,0,0.00,Right hand Bat,Top order Batter,2,"1,2,3"
Rachin Ravindra,123,96,11,5,128.10,Left hand Bat,Top order Batter,3,"2,3,4"
Fakhar Zaman,12,15,3,0,80.00,Left hand Bat,Opening Batter,1,1
Imam-ul-Haq,15,19,2,0,78.90,Left hand Bat,Top order Batter,2,"1,2,3"
Babar Azam,5,18,0,0,27.80,Right hand Bat,Top order Batter,3,"2,3,4"
Mohammad Rizwan,68,75,8,0,90.70,Right hand Bat,Wicketkeeper Batter,4,"3,4,5"
Saud Shakeel,68,52,9,1,130.80,Left hand Bat,Middle order Batter,5,"4,5,6"
Iftikhar Ahmed,9,11,1,0,81.80,Right hand Bat,Middle order Batter,6,"5,6,7"
Mohammad Nawaz,39,43,4,0,90.70,Left hand Bat,Allrounder,7,"6,7,8"
Shadab Khan,32,34,2,1,94.10,Right hand Bat,Allrounder,8,"7,8,9"
Hasan Ali,0,1,0,0,0.00,Right hand Bat,Bowler,9,"8,9,10"
Shaheen Afridi,13,12,2,0,108.30,Left hand Bat,Bowler,10,"9,10,11"
Haris Rauf,16,14,2,1,114.30,Right hand Bat,Bowler,11,"10,11"
Vikramjit Singh,52,67,4,1,77.60,Left hand Bat,Opening Batter,1,1
Max O'Dowd,5,12,1,0,41.70,Right hand Bat,Opening Batter,2,"1,2,3"
Colin Ackermann,17,21,3,0,81.00,Right hand Bat,Batting Allrounder,3,"2,3,4"
Bas de Leede,67,68,6,2,98.50,Right hand Bat,Batting Allrounder,4,"3,4,5"
Roelof van der Merwe,4,7,0,0,57.10,Right hand Bat,Allrounder,8,"7,8,9"
Logan van Beek,28,28,3,1,100.00,Right hand Bat,Bowler,9,"8,9,10"
Paul van Meekeren,7,12,1,0,58.30,Right hand Bat,Bowler,11,"10,11"
Rahmanullah Gurbaz,47,62,4,1,75.80,Right hand Bat,Wicketkeeper Batter,1,1
Ibrahim Zadran,22,25,3,1,88.00,Right hand Bat,Opening Batter,2,"1,2,3"
Rahmat Shah,18,25,1,0,72.00,Right hand Bat,Top order Batter,3,"2,3,4"
Hashmatullah Shahidi,18,38,2,0,47.40,Left hand Bat,Top order Batter,4,"3,4,5"
Najibullah Zadran,5,13,0,0,38.50,Left hand Bat,Middle order Batter,5,"4,5,6"
Mohammad Nabi,6,12,0,0,50.00,Right hand Bat,Allrounder,6,"5,6,7"
Azmatullah Omarzai,22,20,4,0,110.00,Right hand Bat,Allrounder,7,"6,7,8"
Rashid Khan,9,16,1,0,56.30,Right hand Bat,Bowling Allrounder,8,"7,8,9"
Mujeeb Ur Rahman,1,4,0,0,25.00,Right hand Bat,Bowler,9,"8,9,10"
Naveen-ul-Haq,0,6,0,0,0.00,Right hand Bat,Bowler,10,"9,10,11"
Fazalhaq Farooqi,0,3,0,0,0.00,Right hand Bat,Bowler,11,"10,11"
Tanzid Hasan,5,13,1,0,38.50,Left hand Bat,Top order Batter,1,1
Litton Das,13,18,2,0,72.20,Right hand Bat,Wicketkeeper Batter,2,"1,2,3"
Mehidy Hasan Miraz,57,73,5,0,78.10,Right hand Bat,Allrounder,3,"2,3,4"
Najmul Hossain Shanto,59,83,3,1,71.10,Left hand Bat,Top order Batter,4,"3,4,5"
Shakib Al Hasan,14,19,2,0,73.70,Left hand Bat,Allrounder,5,"4,5,6"
Mustafizur Rahman,2,3,0,0,66.70,Left hand Bat,Bowler,6,"5,6,7"
Quinton de Kock,100,84,12,3,119.00,Left hand Bat,Wicketkeeper Batter,1,1
Temba Bavuma,8,5,2,0,160.00,Right hand Bat,Top order Batter,2,"1,2,3"
Rassie van der Dussen,108,110,13,2,98.20,Right hand Bat,Top order Batter,3,"2,3,4"
Aiden Markram,106,54,14,3,196.30,Right hand Bat,Opening Batter,4,"3,4,5"
Heinrich Klaasen,32,20,1,3,160.00,Right hand Bat,Wicketkeeper Batter,5,"4,5,6"
David Miller,39,21,3,2,185.70,Left hand Bat,Middle order Batter,6,"5,6,7"
Marco Jansen,12,7,0,1,171.40,Left hand Bat,Allrounder,7,"6,7,8"
Pathum Nissanka,0,3,0,0,0.00,Right hand Bat,Top order Batter,1,1
Kusal Janith Perera,7,15,1,0,46.70,Left hand Bat,Top order Batter,2,"1,2,3"
Kusal Mendis,76,42,4,8,181.00,Right hand Bat,Wicketkeeper Batter,3,"2,3,4"
Sadeera Samarawickrama,23,19,3,1,121.10,Right hand Bat,Top order Batter,4,"3,4,5"
Charith Asalanka,79,65,8,4,121.50,Left hand Bat,Batting Allrounder,5,"4,5,6"
Dhananjaya de Silva,11,14,1,0,78.60,Right hand Bat,Allrounder,6,"5,6,7"
Dasun Shanaka,68,62,6,3,109.70,Right hand Bat,Allrounder,7,"6,7,8"
Kasun Rajitha,33,31,4,1,106.50,Right hand Bat,Bowler,9,"8,9,10"
David Warner,41,52,6,0,78.80,Left hand Bat,Opening Batter,1,1
Mitchell Marsh,0,6,0,0,0.00,Right hand Bat,Allrounder,2,"1,2,3"
Steve Smith,46,71,5,0,64.80,Right hand Bat,Top order Batter,3,"2,3,4"
Marnus Labuschagne,27,41,1,0,65.90,Right hand Bat,Top order Batter,4,"3,4,5"
Glenn Maxwell,15,25,1,0,60.00,Right hand Bat,Batting Allrounder,5,"4,5,6"
Alex Carey,0,2,0,0,0.00,Left hand Bat,Wicketkeeper Batter,6,"5,6,7"
Cameron Green,8,20,0,0,40.00,Right hand Bat,Batting Allrounder,7,"6,7,8"
Pat Cummins,15,24,1,1,62.50,Right hand Bat,Bowler,8,"7,8,9"
Mitchell Starc,28,35,2,1,80.00,Left hand Bat,Bowler,9,"8,9,10"
Adam Zampa,6,20,0,0,30.00,Right hand Bat,Bowler,10,"9,10,11"
Josh Hazlewood,1,1,0,0,100.00,Left hand Bat,Bowler,11,"10,11"
Rohit Sharma,0,6,0,0,0.00,Right hand Bat,Top order Batter,1,1
Ishan Kishan,0,1,0,0,0.00,Left hand Bat,Top order Batter,2,"1,2,3"
Virat Kohli,85,116,6,0,73.30,Right hand Bat,Top order Batter,3,"2,3,4"
Shreyas Iyer,0,3,0,0,0.00,Right hand Bat,Top order Batter,4,"3,4,5"
KL Rahul,97,115,8,2,84.30,Right hand Bat,Opening Batter,5,"4,5,6"
Hardik Pandya,11,8,0,1,137.50,Right hand Bat,Allrounder,6,"5,6,7"
Devon Conway,32,40,5,1,80.00,Left hand Bat,Wicketkeeper Batter,1,1
Will Young,70,80,7,2,87.50,Right hand Bat,Top order Batter,2,"1,2,3"
Rachin Ravindra,51,51,3,1,100.00,Left hand Bat,Top order Batter,3,"2,3,4"
Daryl Mitchell,48,47,5,2,102.10,Right hand Bat,Allrounder,4,"3,4,5"
Tom Latham,53,46,6,1,115.20,Left hand Bat,Top order Batter,5,"4,5,6"
Glenn Phillips,4,4,1,0,100.00,Right hand Bat,Wicketkeeper Batter,6,"5,6,7"
Mark Chapman,5,13,0,0,38.50,Left hand Bat,Middle order Batter,7,"6,7,8"
Mitchell Santner,36,17,3,2,211.80,Left hand Bat,Bowling Allrounder,8,"7,8,9"
Matt Henry,10,4,0,1,250.00,Right hand Bat,Bowler,9,"8,9,10"
Vikramjit Singh,12,20,1,0,60.00,Left hand Bat,Opening Batter,1,1
Max O'Dowd,16,31,2,0,51.60,Right hand Bat,Opening Batter,2,"1,2,3"
Colin Ackermann,69,73,5,0,94.50,Right hand Bat,Batting Allrounder,3,"2,3,4"
Bas de Leede,18,25,3,0,72.00,Right hand Bat,Batting Allrounder,4,"3,4,5"
Roelof van der Merwe,1,6,0,0,16.70,Right hand Bat,Allrounder,8,"7,8,9"
Paul van Meekeren,4,3,1,0,133.30,Right hand Bat,Bowler,11,"10,11"
Jonny Bairstow,52,59,8,0,88.10,Right hand Bat,Wicketkeeper Batter,1,1
Dawid Malan,140,107,16,5,130.80,Left hand Bat,Top order Batter,2,"1,2,3"
Joe Root,82,68,8,1,120.60,Right hand Bat,Top order Batter,3,"2,3,4"
Jos Buttler,20,10,1,1,200.00,Right hand Bat,Wicketkeeper Batter,4,"3,4,5"
Harry Brook,20,15,3,0,133.30,Right hand Bat,Batter,5,"4,5,6"
Liam Livingstone,0,1,0,0,0.00,Right hand Bat,Batting Allrounder,6,"5,6,7"
Sam Curran,11,15,1,0,73.30,Left hand Bat,Allrounder,7,"6,7,8"
Chris Woakes,14,11,2,0,127.30,Right hand Bat,Allrounder,8,"7,8,9"
Adil Rashid,11,7,1,0,157.10,Right hand Bat,Bowler,9,"8,9,10"
Mark Wood,6,5,1,0,120.00,Right hand Bat,Bowler,10,"9,10,11"
Reece Topley,1,2,0,0,50.00,Left hand Bat,Bowler,11,"10,11"
Litton Das,76,66,7,2,115.20,Right hand Bat,Wicketkeeper Batter,1,1
Tanzim Hasan,1,2,0,0,50.00,Left hand Bat,Top order Batter,2,"1,2,3"
Najmul Hossain Shanto,0,1,0,0,0.00,Left hand Bat,Top order Batter,3,"2,3,4"
Shakib Al Hasan,1,9,0,0,11.10,Left hand Bat,Allrounder,4,"3,4,5"
Mehidy Hasan Miraz,8,7,1,0,114.30,Right hand Bat,Allrounder,5,"4,5,6"
Mushfiqur Rahim,51,64,4,0,79.70,Right hand Bat,Middle order Batter,6,"5,6,7"
Towhid Hridoy,39,61,2,0,63.90,Right hand Bat,Middle order Batter,7,"6,7,8"
Mahedi Hasan,14,32,1,0,43.80,Right hand Bat,Allrounder,8,"7,8,9"
Taskin Ahmed,15,25,0,1,60.00,Left hand Bat,Bowler,9,"8,9,10"
Shoriful Islam,12,14,2,0,85.70,Left hand Bat,Bowler,10,"9,10,11"
Mustafizur Rahman,3,9,0,0,33.30,Left hand Bat,Bowler,11,"10,11"
Pathum Nissanka,51,61,7,1,83.60,Right hand Bat,Top order Batter,1,1
Kusal Janith Perera,0,4,0,0,0.00,Left hand Bat,Top order Batter,2,"1,2,3"
Kusal Mendis,122,77,14,6,158.40,Right hand Bat,Wicketkeeper Batter,3,"2,3,4"
Sadeera Samarawickrama,108,89,11,2,121.30,Right hand Bat,Top order Batter,4,"3,4,5"
Charith Asalanka,1,3,0,0,33.30,Left hand Bat,Batting Allrounder,5,"4,5,6"
Dhananjaya de Silva,25,34,3,0,73.50,Right hand Bat,Allrounder,6,"5,6,7"
Dasun Shanaka,12,18,0,0,66.70,Right hand Bat,Allrounder,7,"6,7,8"
Maheesh Theekshana,0,4,0,0,0.00,Right hand Bat,Bowler,9,"8,9,10"
Abdullah Shafique,113,103,10,3,109.70,Right hand Bat,Top order Batter,1,1
Imam-ul-Haq,12,12,1,0,100.00,Left hand Bat,Top order Batter,2,"1,2,3"
Babar Azam,10,15,1,0,66.70,Right hand Bat,Top order Batter,3,"2,3,4"
Mohammad Rizwan,131,121,8,3,108.30,Right hand Bat,Wicketkeeper Batter,4,"3,4,5"
Saud Shakeel,31,30,2,0,103.30,Left hand Bat,Middle order Batter,5,"4,5,6"
Iftikhar Ahmed,22,10,4,0,220.00,Right hand Bat,Middle order Batter,6,"5,6,7"
Rahmanullah Gurbaz,21,28,3,1,75.00,Right hand Bat,Wicketkeeper Batter,1,1
Ibrahim Zadran,22,28,4,0,78.60,Right hand Bat,Opening Batter,2,"1,2,3"
Rahmat Shah,16,22,3,0,72.70,Right hand Bat,Top order Batter,3,"2,3,4"
Hashmatullah Shahidi,80,88,8,1,90.90,Left hand Bat,Top order Batter,4,"3,4,5"
Azmatullah Omarzai,62,69,2,4,89.90,Right hand Bat,Allrounder,5,"4,5,6"
Mohammad Nabi,19,27,1,0,70.40,Right hand Bat,Allrounder,6,"5,6,7"
Najibullah Zadran,2,8,0,0,25.00,Left hand Bat,Middle order Batter,7,"6,7,8"
Rashid Khan,16,12,1,1,133.30,Right hand Bat,Bowling Allrounder,8,"7,8,9"
Mujeeb Ur Rahman,10,12,2,0,83.30,Right hand Bat,Bowler,9,"8,9,10"
Naveen-ul-Haq,9,8,1,0,112.50,Right hand Bat,Bowler,10,"9,10,11"
Rohit Sharma,131,84,16,5,156.00,Right hand Bat,Top order Batter,1,1
Ishan Kishan,47,47,5,2,100.00,Left hand Bat,Top order Batter,2,"1,2,3"
Virat Kohli,55,56,6,0,98.20,Right hand Bat,Top order Batter,3,"2,3,4"
Shreyas Iyer,25,23,1,1,108.70,Right hand Bat,Top order Batter,4,"3,4,5"
Quinton de Kock,109,106,8,5,102.80,Left hand Bat,Wicketkeeper Batter,1,1
Quinton de Kock,109,106,8,5,102.80,Left hand Bat,Wicketkeeper Batter,1,1
Temba Bavuma,35,55,2,0,63.60,Right hand Bat,Top order Batter,2,"1,2,3"
Temba Bavuma,35,55,2,0,63.60,Right hand Bat,Top order Batter,2,"1,2,3"
Rassie van der Dussen,26,30,2,0,86.70,Right hand Bat,Top order Batter,3,"2,3,4"
Rassie van der Dussen,26,30,2,0,86.70,Right hand Bat,Top order Batter,3,"2,3,4"
Aiden Markram,56,44,7,1,127.30,Right hand Bat,Opening Batter,4,"3,4,5"
Aiden Markram,56,44,7,1,127.30,Right hand Bat,Opening Batter,4,"3,4,5"
Heinrich Klaasen,29,27,3,0,107.40,Right hand Bat,Wicketkeeper Batter,5,"4,5,6"
Heinrich Klaasen,29,27,3,0,107.40,Right hand Bat,Wicketkeeper Batter,5,"4,5,6"
David Miller,17,13,1,1,130.80,Left hand Bat,Middle order Batter,6,"5,6,7"
David Miller,17,13,1,1,130.80,Left hand Bat,Middle order Batter,6,"5,6,7"
Marco Jansen,26,22,3,1,118.20,Left hand Bat,Allrounder,7,"6,7,8"
Marco Jansen,26,22,3,1,118.20,Left hand Bat,Allrounder,7,"6,7,8"
Kagiso Rabada,0,1,0,0,0.00,Left hand Bat,Bowler,8,"7,8,9"
Kagiso Rabada,0,1,0,0,0.00,Left hand Bat,Bowler,8,"7,8,9"
Keshav Maharaj,0,2,0,0,0.00,Right hand Bat,Bowler,9,"8,9,10"
Keshav Maharaj,0,2,0,0,0.00,Right hand Bat,Bowler,9,"8,9,10"
Mitchell Marsh,7,15,0,0,46.70,Right hand Bat,Allrounder,1,1
Mitchell Marsh,7,15,0,0,46.70,Right hand Bat,Allrounder,1,1
David Warner,13,27,2,0,48.10,Left hand Bat,Opening Batter,2,"1,2,3"
David Warner,13,27,2,0,48.10,Left hand Bat,Opening Batter,2,"1,2,3"
Steve Smith,19,16,4,0,118.80,Right hand Bat,Top order Batter,3,"2,3,4"
Steve Smith,19,16,4,0,118.80,Right hand Bat,Top order Batter,3,"2,3,4"
Marnus Labuschagne,46,74,3,0,62.20,Right hand Bat,Top order Batter,4,"3,4,5"
Marnus Labuschagne,46,74,3,0,62.20,Right hand Bat,Top order Batter,4,"3,4,5"
Josh Inglis,5,4,1,0,125.00,Right hand Bat,Wicketkeeper Batter,5,"4,5,6"
Josh Inglis,5,4,1,0,125.00,Right hand Bat,Wicketkeeper Batter,5,"4,5,6"
Glenn Maxwell,3,17,0,0,17.60,Right hand Bat,Batting Allrounder,6,"5,6,7"
Glenn Maxwell,3,17,0,0,17.60,Right hand Bat,Batting Allrounder,6,"5,6,7"
Marcus Stoinis,5,4,1,0,125.00,Right hand Bat,Batting Allrounder,7,"6,7,8"
Marcus Stoinis,5,4,1,0,125.00,Right hand Bat,Batting Allrounder,7,"6,7,8"
Mitchell Starc,27,51,3,0,52.90,Left hand Bat,Bowler,8,"7,8,9"
Mitchell Starc,27,51,3,0,52.90,Left hand Bat,Bowler,8,"7,8,9"
Pat Cummins,22,21,4,0,104.80,Right hand Bat,Bowler,9,"8,9,10"
Pat Cummins,22,21,4,0,104.80,Right hand Bat,Bowler,9,"8,9,10"
Adam Zampa,11,16,1,0,68.80,Right hand Bat,Bowler,10,"9,10,11"
Adam Zampa,11,16,1,0,68.80,Right hand Bat,Bowler,10,"9,10,11"
Josh Hazlewood,2,2,0,0,100.00,Left hand Bat,Bowler,11,"10,11"
Josh Hazlewood,2,2,0,0,100.00,Left hand Bat,Bowler,11,"10,11"
Quinton de Kock,3,14,0,0,21.40,Left hand Bat,Wicketkeeper Batter,1,1
Quinton de Kock,3,14,0,0,21.40,Left hand Bat,Wicketkeeper Batter,1,1
Temba Bavuma,0,4,0,0,0.00,Right hand Bat,Top order Batter,2,"1,2,3"
Temba Bavuma,0,4,0,0,0.00,Right hand Bat,Top order Batter,2,"1,2,3"
Rassie van der Dussen,6,31,0,0,19.40,Right hand Bat,Top order Batter,3,"2,3,4"
Rassie van der Dussen,6,31,0,0,19.40,Right hand Bat,Top order Batter,3,"2,3,4"
Aiden Markram,10,20,2,0,50.00,Right hand Bat,Opening Batter,4,"3,4,5"
Aiden Markram,10,20,2,0,50.00,Right hand Bat,Opening Batter,4,"3,4,5"
Heinrich Klaasen,47,48,4,2,97.90,Right hand Bat,Wicketkeeper Batter,5,"4,5,6"
Heinrich Klaasen,47,48,4,2,97.90,Right hand Bat,Wicketkeeper Batter,5,"4,5,6"
David Miller,101,116,8,5,87.10,Left hand Bat,Middle order Batter,6,"5,6,7"
David Miller,101,116,8,5,87.10,Left hand Bat,Middle order Batter,6,"5,6,7"
Marco Jansen,0,1,0,0,0.00,Left hand Bat,Allrounder,7,"6,7,8"
Marco Jansen,0,1,0,0,0.00,Left hand Bat,Allrounder,7,"6,7,8"
Gerald Coetzee,19,39,2,0,48.70,Right hand Bat,Bowler,8,"7,8,9"
Gerald Coetzee,19,39,2,0,48.70,Right hand Bat,Bowler,8,"7,8,9"
Keshav Maharaj,4,8,0,0,50.00,Right hand Bat,Bowler,9,"8,9,10"
Keshav Maharaj,4,8,0,0,50.00,Right hand Bat,Bowler,9,"8,9,10"
Kagiso Rabada,10,12,0,1,83.30,Left hand Bat,Bowler,10,"9,10,11"
Kagiso Rabada,10,12,0,1,83.30,Left hand Bat,Bowler,10,"9,10,11"
Tabraiz Shamsi,1,5,0,0,20.00,Right hand Bat,Bowler,11,"10,11"
Tabraiz Shamsi,1,5,0,0,20.00,Right hand Bat,Bowler,11,"10,11"
Travis Head,62,48,9,2,129.20,Left hand Bat,Middle order Batter,1,1
Travis Head,62,48,9,2,129.20,Left hand Bat,Middle order Batter,1,1
David Warner,29,18,1,4,161.10,Left hand Bat,Opening Batter,2,"1,2,3"
David Warner,29,18,1,4,161.10,Left hand Bat,Opening Batter,2,"1,2,3"
Mitchell Marsh,0,6,0,0,0.00,Right hand Bat,Allrounder,3,"2,3,4"
Mitchell Marsh,0,6,0,0,0.00,Right hand Bat,Allrounder,3,"2,3,4"
Steve Smith,30,62,2,0,48.40,Right hand Bat,Top order Batter,4,"3,4,5"
Steve Smith,30,62,2,0,48.40,Right hand Bat,Top order Batter,4,"3,4,5"
Marnus Labuschagne,18,31,2,0,58.10,Right hand Bat,Top order Batter,5,"4,5,6"
Marnus Labuschagne,18,31,2,0,58.10,Right hand Bat,Top order Batter,5,"4,5,6"
Glenn Maxwell,1,5,0,0,20.00,Right hand Bat,Batting Allrounder,6,"5,6,7"
Glenn Maxwell,1,5,0,0,20.00,Right hand Bat,Batting Allrounder,6,"5,6,7"
Josh Inglis,28,49,3,0,57.10,Right hand Bat,Wicketkeeper Batter,7,"6,7,8"
Josh Inglis,28,49,3,0,57.10,Right hand Bat,Wicketkeeper Batter,7,"6,7,8"
Mitchell Starc,16,38,2,0,42.10,Left hand Bat,Bowler,8,"7,8,9"
Mitchell Starc,16,38,2,0,42.10,Left hand Bat,Bowler,8,"7,8,9"
Pat Cummins,14,29,2,0,48.30,Right hand Bat,Bowler,9,"8,9,10"
Pat Cummins,14,29,2,0,48.30,Right hand Bat,Bowler,9,"8,9,10"
Litton Das,0,1,0,0,0.00,Right hand Bat,Wicketkeeper Batter,1,1
Tanzid Hasan,16,17,4,0,94.10,Left hand Bat,Top order Batter,2,"1,2,3"
Mehidy Hasan Miraz,30,46,4,0,65.20,Right hand Bat,Allrounder,3,"2,3,4"
Najmul Hossain Shanto,7,8,1,0,87.50,Left hand Bat,Top order Batter,4,"3,4,5"
Shakib Al Hasan,40,51,3,2,78.40,Left hand Bat,Allrounder,5,"4,5,6"
Mushfiqur Rahim,66,75,6,2,88.00,Right hand Bat,Middle order Batter,6,"5,6,7"
Towhid Hridoy,13,25,0,0,52.00,Right hand Bat,Middle order Batter,7,"6,7,8"
Mahmudullah,41,49,2,2,83.70,Right hand Bat,Middle order Batter,8,"7,8,9"
Taskin Ahmed,17,19,0,2,89.50,Left hand Bat,Bowler,9,"8,9,10"
Mustafizur Rahman,4,10,0,0,40.00,Left hand Bat,Bowler,10,"9,10,11"
Shoriful Islam,2,3,0,0,66.70,Left hand Bat,Bowler,11,"10,11"
Devon Conway,45,59,3,0,76.30,Left hand Bat,Wicketkeeper Batter,1,1
Rachin Ravindra,9,13,2,0,69.20,Left hand Bat,Top order Batter,2,"1,2,3"
Kane Williamson,78,107,8,1,72.90,Right hand Bat,Top order Batter,3,"2,3,4"
Daryl Mitchell,89,67,6,4,132.80,Right hand Bat,Allrounder,4,"3,4,5"
Glenn Phillips,16,11,1,1,145.50,Right hand Bat,Wicketkeeper Batter,5,"4,5,6"
Abdullah Shafique,20,24,3,0,83.30,Right hand Bat,Top order Batter,1,1
Imam-ul-Haq,36,38,6,0,94.70,Left hand Bat,Top order Batter,2,"1,2,3"
Babar Azam,50,58,7,0,86.20,Right hand Bat,Top order Batter,3,"2,3,4"
Mohammad Rizwan,49,69,7,0,71.00,Right hand Bat,Wicketkeeper Batter,4,"3,4,5"
Saud Shakeel,6,10,0,0,60.00,Left hand Bat,Middle order Batter,5,"4,5,6"
Iftikhar Ahmed,4,4,1,0,100.00,Right hand Bat,Middle order Batter,6,"5,6,7"
Shadab Khan,2,5,0,0,40.00,Right hand Bat,Allrounder,7,"6,7,8"
Mohammad Nawaz,4,14,0,0,28.60,Left hand Bat,Allrounder,8,"7,8,9"
Hasan Ali,12,19,2,0,63.20,Right hand Bat,Bowler,9,"8,9,10"
Shaheen Afridi,2,10,0,0,20.00,Left hand Bat,Bowler,10,"9,10,11"
Haris Rauf,2,6,0,0,33.30,Right hand Bat,Bowler,11,"10,11"
Rohit Sharma,86,63,6,6,136.50,Right hand Bat,Top order Batter,1,1
Shubman Gill,16,11,4,0,145.50,Right hand Bat,Top order Batter,2,"1,2,3"
Virat Kohli,16,18,3,0,88.90,Right hand Bat,Top order Batter,3,"2,3,4"
Shreyas Iyer,53,62,3,2,85.50,Right hand Bat,Top order Batter,4,"3,4,5"
KL Rahul,19,29,2,0,65.50,Right hand Bat,Opening Batter,5,"4,5,6"
Rahmanullah Gurbaz,80,57,8,4,140.40,Right hand Bat,Wicketkeeper Batter,1,1
Ibrahim Zadran,28,48,3,0,58.30,Right hand Bat,Opening Batter,2,"1,2,3"
Rahmat Shah,3,8,0,0,37.50,Right hand Bat,Top order Batter,3,"2,3,4"
Hashmatullah Shahidi,14,36,0,0,38.90,Left hand Bat,Top order Batter,4,"3,4,5"
Azmatullah Omarzai,19,24,1,1,79.20,Right hand Bat,Allrounder,5,"4,5,6"
Ikram Alikhil,58,66,3,2,87.90,Left hand Bat,Wicketkeeper Batter,6,"5,6,7"
Mohammad Nabi,9,15,1,0,60.00,Right hand Bat,Allrounder,7,"6,7,8"
Rashid Khan,23,22,3,0,104.50,Right hand Bat,Bowling Allrounder,8,"7,8,9"
Mujeeb Ur Rahman,28,16,3,1,175.00,Right hand Bat,Bowler,9,"8,9,10"
Naveen-ul-Haq,5,6,1,0,83.30,Right hand Bat,Bowler,10,"9,10,11"
Fazalhaq Farooqi,2,4,0,0,50.00,Right hand Bat,Bowler,11,"10,11"
Jonny Bairstow,2,4,0,0,50.00,Right hand Bat,Wicketkeeper Batter,1,1
Dawid Malan,32,39,4,0,82.10,Left hand Bat,Top order Batter,2,"1,2,3"
Joe Root,11,17,2,0,64.70,Right hand Bat,Top order Batter,3,"2,3,4"
Harry Brook,66,61,7,1,108.20,Right hand Bat,Batter,4,"3,4,5"
Jos Buttler,9,18,1,0,50.00,Right hand Bat,Wicketkeeper Batter,5,"4,5,6"
Liam Livingstone,10,14,1,0,71.40,Right hand Bat,Batting Allrounder,6,"5,6,7"
Sam Curran,10,23,0,0,43.50,Left hand Bat,Allrounder,7,"6,7,8"
Chris Woakes,9,26,1,0,34.60,Right hand Bat,Allrounder,8,"7,8,9"
Adil Rashid,20,13,2,0,153.80,Right hand Bat,Bowler,9,"8,9,10"
Mark Wood,18,22,3,0,81.80,Right hand Bat,Bowler,10,"9,10,11"
Reece Topley,15,7,3,0,214.30,Left hand Bat,Bowler,11,"10,11"
Pathum Nissanka,61,67,8,0,91.00,Right hand Bat,Top order Batter,1,1
Kusal Janith Perera,78,82,12,0,95.10,Left hand Bat,Top order Batter,2,"1,2,3"
Kusal Mendis,9,13,0,0,69.20,Right hand Bat,Wicketkeeper Batter,3,"2,3,4"
Sadeera Samarawickrama,8,8,1,0,100.00,Right hand Bat,Top order Batter,4,"3,4,5"
Charith Asalanka,25,39,0,1,64.10,Left hand Bat,Batting Allrounder,5,"4,5,6"
Dhananjaya de Silva,7,13,1,0,53.80,Right hand Bat,Allrounder,6,"5,6,7"
Chamika Karunaratne,2,11,0,0,18.20,Right hand Bat,Bowling Allrounder,8,"7,8,9"
Maheesh Theekshana,0,5,0,0,0.00,Right hand Bat,Bowler,9,"8,9,10"
Lahiru Kumara,4,8,1,0,50.00,Left hand Bat,Bowler,10,"9,10,11"
Mitchell Marsh,52,51,9,0,102.00,Right hand Bat,Allrounder,1,1
David Warner,11,6,0,1,183.30,Left hand Bat,Opening Batter,2,"1,2,3"
Steve Smith,0,5,0,0,0.00,Right hand Bat,Top order Batter,3,"2,3,4"
Marnus Labuschagne,40,60,2,0,66.70,Right hand Bat,Top order Batter,4,"3,4,5"
Josh Inglis,58,59,5,1,98.30,Right hand Bat,Wicketkeeper Batter,5,"4,5,6"
Glenn Maxwell,31,21,4,2,147.60,Right hand Bat,Batting Allrounder,6,"5,6,7"
Marcus Stoinis,20,10,2,1,200.00,Right hand Bat,Batting Allrounder,7,"6,7,8"
Vikramjit Singh,2,16,0,0,12.50,Left hand Bat,Opening Batter,1,1
Max O'Dowd,18,25,4,0,72.00,Right hand Bat,Opening Batter,2,"1,2,3"
Colin Ackermann,12,25,1,0,48.00,Right hand Bat,Batting Allrounder,3,"2,3,4"
Bas de Leede,2,7,0,0,28.60,Right hand Bat,Batting Allrounder,4,"3,4,5"
Logan van Beek,10,27,1,0,37.00,Right hand Bat,Bowler,8,"7,8,9"
Roelof van der Merwe,29,19,3,1,152.60,Right hand Bat,Allrounder,9,"8,9,10"
Temba Bavuma,16,31,2,1,51.60,Right hand Bat,Top order Batter,1,1
Quinton de Kock,20,22,3,0,90.90,Left hand Bat,Wicketkeeper Batter,2,"1,2,3"
Rassie van der Dussen,4,7,0,0,57.10,Right hand Bat,Top order Batter,3,"2,3,4"
Aiden Markram,1,3,0,0,33.30,Right hand Bat,Opening Batter,4,"3,4,5"
Heinrich Klaasen,28,28,4,0,100.00,Right hand Bat,Wicketkeeper Batter,5,"4,5,6"
David Miller,43,52,4,1,82.70,Left hand Bat,Middle order Batter,6,"5,6,7"
Marco Jansen,9,25,0,0,36.00,Left hand Bat,Allrounder,7,"6,7,8"
Gerald Coetzee,22,23,2,1,95.70,Right hand Bat,Bowler,8,"7,8,9"
Keshav Maharaj,40,37,5,1,108.10,Right hand Bat,Bowler,9,"8,9,10"
Kagiso Rabada,9,6,0,1,150.00,Left hand Bat,Bowler,10,"9,10,11"
Lungi Ngidi,7,24,0,0,29.20,Right hand Bat,Bowler,11,"10,11"
Devon Conway,20,18,3,0,111.10,Left hand Bat,Wicketkeeper Batter,1,1
Will Young,54,64,4,3,84.40,Right hand Bat,Top order Batter,2,"1,2,3"
Rachin Ravindra,32,41,2,1,78.00,Left hand Bat,Top order Batter,3,"2,3,4"
Daryl Mitchell,1,7,0,0,14.30,Right hand Bat,Allrounder,4,"3,4,5"
Tom Latham,68,74,3,2,91.90,Left hand Bat,Top order Batter,5,"4,5,6"
Glenn Phillips,71,80,4,4,88.80,Right hand Bat,Wicketkeeper Batter,6,"5,6,7"
Mark Chapman,25,12,2,1,208.30,Left hand Bat,Middle order Batter,7,"6,7,8"
Mitchell Santner,7,5,1,0,140.00,Left hand Bat,Bowling Allrounder,8,"7,8,9"
Rahmanullah Gurbaz,11,21,0,1,52.40,Right hand Bat,Wicketkeeper Batter,1,1
Ibrahim Zadran,14,15,2,0,93.30,Right hand Bat,Opening Batter,2,"1,2,3"
Rahmat Shah,36,62,1,0,58.10,Right hand Bat,Top order Batter,3,"2,3,4"
Hashmatullah Shahidi,8,29,1,0,27.60,Left hand Bat,Top order Batter,4,"3,4,5"
Azmatullah Omarzai,27,32,2,0,84.40,Right hand Bat,Allrounder,5,"4,5,6"
Ikram Alikhil,19,21,3,0,90.50,Left hand Bat,Wicketkeeper Batter,6,"5,6,7"
Mohammad Nabi,7,9,1,0,77.80,Right hand Bat,Allrounder,7,"6,7,8"
Rashid Khan,8,13,0,1,61.50,Right hand Bat,Bowling Allrounder,8,"7,8,9"
Mujeeb Ur Rahman,4,3,1,0,133.30,Right hand Bat,Bowler,9,"8,9,10"
Naveen-ul-Haq,0,1,0,0,0.00,Right hand Bat,Bowler,10,"9,10,11"
Fazalhaq Farooqi,0,2,0,0,0.00,Right hand Bat,Bowler,11,"10,11"
Tanzid Hasan,51,43,5,3,118.60,Left hand Bat,Top order Batter,1,1
Litton Das,66,82,7,0,80.50,Right hand Bat,Wicketkeeper Batter,2,"1,2,3"
Najmul Hossain Shanto,8,17,0,0,47.10,Left hand Bat,Top order Batter,3,"2,3,4"
Mehidy Hasan Miraz,3,13,0,0,23.10,Right hand Bat,Allrounder,4,"3,4,5"
Towhid Hridoy,16,35,0,0,45.70,Right hand Bat,Middle order Batter,5,"4,5,6"
Mushfiqur Rahim,38,46,1,1,82.60,Right hand Bat,Middle order Batter,6,"5,6,7"
Mahmudullah,46,36,3,3,127.80,Right hand Bat,Middle order Batter,7,"6,7,8"
Nasum Ahmed,14,18,2,0,77.80,Left hand Bat,Bowler,8,"7,8,9"
Mustafizur Rahman,1,7,0,0,14.30,Left hand Bat,Bowler,9,"8,9,10"
Shoriful Islam,7,3,0,1,233.30,Left hand Bat,Bowler,10,"9,10,11"
Rohit Sharma,48,40,7,2,120.00,Right hand Bat,Top order Batter,1,1
Shubman Gill,53,55,5,2,96.40,Right hand Bat,Top order Batter,2,"1,2,3"
Virat Kohli,103,97,6,4,106.20,Right hand Bat,Top order Batter,3,"2,3,4"
Shreyas Iyer,19,25,2,0,76.00,Right hand Bat,Top order Batter,4,"3,4,5"
KL Rahul,34,34,3,1,100.00,Right hand Bat,Opening Batter,5,"4,5,6"
David Warner,163,124,14,9,131.50,Left hand Bat,Opening Batter,1,1
Mitchell Marsh,121,108,10,9,112.00,Right hand Bat,Allrounder,2,"1,2,3"
Glenn Maxwell,0,1,0,0,0.00,Right hand Bat,Batting Allrounder,3,"2,3,4"
Steve Smith,7,9,0,0,77.80,Right hand Bat,Top order Batter,4,"3,4,5"
Marcus Stoinis,21,24,1,1,87.50,Right hand Bat,Batting Allrounder,5,"4,5,6"
Josh Inglis,13,9,3,0,144.40,Right hand Bat,Wicketkeeper Batter,6,"5,6,7"
Marnus Labuschagne,8,12,1,0,66.70,Right hand Bat,Top order Batter,7,"6,7,8"
Pat Cummins,6,8,0,0,75.00,Right hand Bat,Bowler,8,"7,8,9"
Mitchell Starc,2,3,0,0,66.70,Left hand Bat,Bowler,9,"8,9,10"
Josh Hazlewood,0,1,0,0,0.00,Left hand Bat,Bowler,10,"9,10,11"
Adam Zampa,1,1,0,0,100.00,Right hand Bat,Bowler,11,"10,11"
Abdullah Shafique,64,61,7,2,104.90,Right hand Bat,Top order Batter,1,1
Imam-ul-Haq,70,71,10,0,98.60,Left hand Bat,Top order Batter,2,"1,2,3"
Babar Azam,18,14,3,0,128.60,Right hand Bat,Top order Batter,3,"2,3,4"
Mohammad Rizwan,46,40,5,0,115.00,Right hand Bat,Wicketkeeper Batter,4,"3,4,5"
Saud Shakeel,30,31,5,0,96.80,Left hand Bat,Middle order Batter,5,"4,5,6"
Iftikhar Ahmed,26,20,0,3,130.00,Right hand Bat,Middle order Batter,6,"5,6,7"
Mohammad Nawaz,14,16,0,1,87.50,Left hand Bat,Allrounder,7,"6,7,8"
Usama Mir,0,3,0,0,0.00,Right hand Bat,Bowler,8,"7,8,9"
Shaheen Afridi,10,8,2,0,125.00,Left hand Bat,Bowler,9,"8,9,10"
Hasan Ali,8,8,2,0,100.00,Right hand Bat,Bowler,10,"9,10,11"
Haris Rauf,0,1,0,0,0.00,Right hand Bat,Bowler,11,"10,11"
Vikramjit Singh,4,13,1,0,30.80,Left hand Bat,Opening Batter,1,1
Max O'Dowd,16,27,1,1,59.30,Right hand Bat,Opening Batter,2,"1,2,3"
Colin Ackermann,29,31,5,0,93.50,Right hand Bat,Batting Allrounder,3,"2,3,4"
Bas de Leede,6,21,0,0,28.60,Right hand Bat,Batting Allrounder,4,"3,4,5"
Logan van Beek,59,75,1,1,78.70,Right hand Bat,Bowler,8,"7,8,9"
Roelof van der Merwe,7,7,0,0,100.00,Right hand Bat,Allrounder,9,"8,9,10"
Paul van Meekeren,4,5,0,0,80.00,Right hand Bat,Bowler,11,"10,11"
Pathum Nissanka,54,52,9,0,103.80,Right hand Bat,Top order Batter,1,1
Kusal Janith Perera,5,8,1,0,62.50,Left hand Bat,Top order Batter,2,"1,2,3"
Kusal Mendis,11,17,2,0,64.70,Right hand Bat,Wicketkeeper Batter,3,"2,3,4"
Sadeera Samarawickrama,91,107,7,0,85.00,Right hand Bat,Top order Batter,4,"3,4,5"
Charith Asalanka,44,66,2,1,66.70,Left hand Bat,Batting Allrounder,5,"4,5,6"
Dhananjaya de Silva,30,37,1,2,81.10,Right hand Bat,Allrounder,6,"5,6,7"
Quinton de Kock,4,2,1,0,200.00,Left hand Bat,Wicketkeeper Batter,1,1
Reeza Hendricks,85,75,9,3,113.30,Right hand Bat,Top order Batter,2,"1,2,3"
Rassie van der Dussen,60,61,8,0,98.40,Right hand Bat,Top order Batter,3,"2,3,4"
Aiden Markram,42,44,4,0,95.50,Right hand Bat,Opening Batter,4,"3,4,5"
Heinrich Klaasen,109,67,12,4,162.70,Right hand Bat,Wicketkeeper Batter,5,"4,5,6"
David Miller,5,6,1,0,83.30,Left hand Bat,Middle order Batter,6,"5,6,7"
Marco Jansen,75,42,3,6,178.60,Left hand Bat,Allrounder,7,"6,7,8"
Gerald Coetzee,3,3,0,0,100.00,Right hand Bat,Bowler,8,"7,8,9"
Keshav Maharaj,1,1,0,0,100.00,Right hand Bat,Bowler,9,"8,9,10"
Jonny Bairstow,10,12,1,1,83.30,Right hand Bat,Wicketkeeper Batter,1,1
Dawid Malan,6,11,1,0,54.50,Left hand Bat,Top order Batter,2,"1,2,3"
Joe Root,2,6,0,0,33.30,Right hand Bat,Top order Batter,3,"2,3,4"
Ben Stokes,5,8,1,0,62.50,Left hand Bat,Allrounder,4,"3,4,5"
Harry Brook,17,25,2,1,68.00,Right hand Bat,Batter,5,"4,5,6"
Jos Buttler,15,7,2,1,214.30,Right hand Bat,Wicketkeeper Batter,6,"5,6,7"
David Willey,12,12,1,1,100.00,Left hand Bat,Bowler,7,"6,7,8"
Adil Rashid,10,14,1,0,71.40,Right hand Bat,Bowler,8,"7,8,9"
Mark Wood,43,17,2,5,252.90,Right hand Bat,Bowler,10,"9,10,11"
Reece Topley,0,0,0,0,0.00,Left hand Bat,Bowler,11,"10,11"
Devon Conway,0,9,0,0,0.00,Left hand Bat,Wicketkeeper Batter,1,1
Will Young,17,27,3,0,63.00,Right hand Bat,Top order Batter,2,"1,2,3"
Rachin Ravindra,75,87,6,1,86.20,Left hand Bat,Top order Batter,3,"2,3,4"
Daryl Mitchell,130,127,9,5,102.40,Right hand Bat,Allrounder,4,"3,4,5"
Tom Latham,5,7,1,0,71.40,Left hand Bat,Top order Batter,5,"4,5,6"
Glenn Phillips,23,26,0,1,88.50,Right hand Bat,Wicketkeeper Batter,6,"5,6,7"
Mark Chapman,6,8,0,0,75.00,Left hand Bat,Middle order Batter,7,"6,7,8"
Mitchell Santner,1,2,0,0,50.00,Left hand Bat,Bowling Allrounder,8,"7,8,9"
Matt Henry,0,1,0,0,0.00,Right hand Bat,Bowler,9,"8,9,10"
Lockie Ferguson,1,5,0,0,20.00,Right hand Bat,Bowler,10,"9,10,11"
Trent Boult,0,1,0,0,0.00,Right hand Bat,Bowler,11,"10,11"
Rohit Sharma,46,40,4,4,115.00,Right hand Bat,Top order Batter,1,1
Shubman Gill,26,31,5,0,83.90,Right hand Bat,Top order Batter,2,"1,2,3"
Virat Kohli,95,104,8,2,91.30,Right hand Bat,Top order Batter,3,"2,3,4"
Shreyas Iyer,33,29,6,0,113.80,Right hand Bat,Top order Batter,4,"3,4,5"
KL Rahul,27,35,3,0,77.10,Right hand Bat,Opening Batter,5,"4,5,6"
Suryakumar Yadav,2,4,0,0,50.00,Right hand Bat,Batter,6,"5,6,7"
Ravindra Jadeja,39,44,3,1,88.60,Left hand Bat,Allrounder,7,"6,7,8"
Mohammed Shami,1,1,0,0,100.00,Right hand Bat,Bowler,8,"7,8,9"
Abdullah Shafique,58,75,5,2,77.30,Right hand Bat,Top order Batter,1,1
Imam-ul-Haq,17,22,2,0,77.30,Left hand Bat,Top order Batter,2,"1,2,3"
Babar Azam,74,92,4,1,80.40,Right hand Bat,Top order Batter,3,"2,3,4"
Mohammad Rizwan,8,10,0,1,80.00,Right hand Bat,Wicketkeeper Batter,4,"3,4,5"
Saud Shakeel,25,34,3,0,73.50,Left hand Bat,Middle order Batter,5,"4,5,6"
Shadab Khan,40,38,1,1,105.30,Right hand Bat,Allrounder,6,"5,6,7"
Iftikhar Ahmed,40,27,2,4,148.10,Right hand Bat,Middle order Batter,7,"6,7,8"
Shaheen Afridi,3,3,0,0,100.00,Left hand Bat,Bowler,8,"7,8,9"
Rahmanullah Gurbaz,65,53,9,1,122.60,Right hand Bat,Wicketkeeper Batter,1,1
Ibrahim Zadran,87,113,10,0,77.00,Right hand Bat,Opening Batter,2,"1,2,3"
Rahmat Shah,77,84,5,2,91.70,Right hand Bat,Top order Batter,3,"2,3,4"
Hashmatullah Shahidi,48,45,4,0,106.70,Left hand Bat,Top order Batter,4,"3,4,5"
Quinton de Kock,174,140,15,7,124.30,Left hand Bat,Wicketkeeper Batter,1,1
Reeza Hendricks,12,19,1,0,63.20,Right hand Bat,Top order Batter,2,"1,2,3"
Rassie van der Dussen,1,7,0,0,14.30,Right hand Bat,Top order Batter,3,"2,3,4"
Aiden Markram,60,69,7,0,87.00,Right hand Bat,Opening Batter,4,"3,4,5"
Heinrich Klaasen,90,49,2,8,183.70,Right hand Bat,Wicketkeeper Batter,5,"4,5,6"
David Miller,34,15,1,4,226.70,Left hand Bat,Middle order Batter,6,"5,6,7"
Marco Jansen,1,1,0,0,100.00,Left hand Bat,Allrounder,7,"6,7,8"
Tanzid Hasan,12,17,1,0,70.60,Left hand Bat,Top order Batter,1,1
Litton Das,22,44,3,1,50.00,Right hand Bat,Wicketkeeper Batter,2,"1,2,3"
Najmul Hossain Shanto,0,1,0,0,0.00,Left hand Bat,Top order Batter,3,"2,3,4"
Shakib Al Hasan,1,4,0,0,25.00,Left hand Bat,Allrounder,4,"3,4,5"
Mushfiqur Rahim,8,17,1,0,47.10,Right hand Bat,Middle order Batter,5,"4,5,6"
Mahmudullah,111,111,11,4,100.00,Right hand Bat,Middle order Batter,6,"5,6,7"
Mehidy Hasan Miraz,11,19,1,0,57.90,Right hand Bat,Allrounder,7,"6,7,8"
Nasum Ahmed,19,19,3,0,100.00,Left hand Bat,Bowler,8,"7,8,9"
Hasan Mahmud,15,25,2,0,60.00,Right hand Bat,Bowler,9,"8,9,10"
Mustafizur Rahman,11,21,2,0,52.40,Left hand Bat,Bowler,10,"9,10,11"
Shoriful Islam,6,4,1,0,150.00,Left hand Bat,Bowler,11,"10,11"
Mitchell Marsh,9,15,2,0,60.00,Right hand Bat,Allrounder,1,1
David Warner,104,93,11,3,111.80,Left hand Bat,Opening Batter,2,"1,2,3"
Steve Smith,71,68,9,1,104.40,Right hand Bat,Top order Batter,3,"2,3,4"
Marnus Labuschagne,62,47,7,2,131.90,Right hand Bat,Top order Batter,4,"3,4,5"
Josh Inglis,14,12,1,1,116.70,Right hand Bat,Wicketkeeper Batter,5,"4,5,6"
Glenn Maxwell,106,44,9,8,240.90,Right hand Bat,Batting Allrounder,6,"5,6,7"
Cameron Green,8,11,1,0,72.70,Right hand Bat,Batting Allrounder,7,"6,7,8"
Pat Cummins,12,9,2,0,133.30,Right hand Bat,Bowler,8,"7,8,9"
Mitchell Starc,0,1,0,0,0.00,Left hand Bat,Bowler,9,"8,9,10"
Adam Zampa,1,1,0,0,100.00,Right hand Bat,Bowler,10,"9,10,11"
Vikramjit Singh,25,25,6,0,100.00,Left hand Bat,Opening Batter,1,1
Max O'Dowd,6,9,1,0,66.70,Right hand Bat,Opening Batter,2,"1,2,3"
Colin Ackermann,10,11,2,0,90.90,Right hand Bat,Batting Allrounder,3,"2,3,4"
Bas de Leede,4,7,1,0,57.10,Right hand Bat,Batting Allrounder,5,"4,5,6"
Logan van Beek,0,3,0,0,0.00,Right hand Bat,Bowler,8,"7,8,9"
Roelof van der Merwe,0,1,0,0,0.00,Right hand Bat,Allrounder,9,"8,9,10"
Paul van Meekeren,0,1,0,0,0.00,Right hand Bat,Bowler,11,"10,11"
Jonny Bairstow,30,31,3,0,96.80,Right hand Bat,Wicketkeeper Batter,1,1
Dawid Malan,28,25,6,0,112.00,Left hand Bat,Top order Batter,2,"1,2,3"
Joe Root,3,10,0,0,30.00,Right hand Bat,Top order Batter,3,"2,3,4"
Ben Stokes,43,73,6,0,58.90,Left hand Bat,Allrounder,4,"3,4,5"
Jos Buttler,8,6,1,0,133.30,Right hand Bat,Wicketkeeper Batter,5,"4,5,6"
Liam Livingstone,1,6,0,0,16.70,Right hand Bat,Batting Allrounder,6,"5,6,7"
Moeen Ali,15,15,1,0,100.00,Left hand Bat,Batting Allrounder,7,"6,7,8"
Chris Woakes,0,4,0,0,0.00,Right hand Bat,Allrounder,8,"7,8,9"
David Willey,14,17,1,1,82.40,Left hand Bat,Bowler,9,"8,9,10"
Adil Rashid,2,7,0,0,28.60,Right hand Bat,Bowler,10,"9,10,11"
Mark Wood,5,6,1,0,83.30,Right hand Bat,Bowler,11,"10,11"
Pathum Nissanka,77,83,7,2,92.80,Right hand Bat,Top order Batter,1,1
Kusal Janith Perera,4,5,1,0,80.00,Left hand Bat,Top order Batter,2,"1,2,3"
Kusal Mendis,11,12,2,0,91.70,Right hand Bat,Wicketkeeper Batter,3,"2,3,4"
Sadeera Samarawickrama,65,54,7,1,120.40,Right hand Bat,Top order Batter,4,"3,4,5"
Abdullah Shafique,9,17,1,0,52.90,Right hand Bat,Top order Batter,1,1
Imam-ul-Haq,12,18,2,0,66.70,Left hand Bat,Top order Batter,2,"1,2,3"
Babar Azam,50,65,4,1,76.90,Right hand Bat,Top order Batter,3,"2,3,4"
Mohammad Rizwan,31,27,4,1,114.80,Right hand Bat,Wicketkeeper Batter,4,"3,4,5"
Iftikhar Ahmed,21,31,1,1,67.70,Right hand Bat,Middle order Batter,5,"4,5,6"
Saud Shakeel,52,52,7,0,100.00,Left hand Bat,Middle order Batter,6,"5,6,7"
Shadab Khan,43,36,3,2,119.40,Right hand Bat,Allrounder,7,"6,7,8"
Mohammad Nawaz,24,24,1,2,100.00,Left hand Bat,Allrounder,8,"7,8,9"
Shaheen Afridi,2,4,0,0,50.00,Left hand Bat,Bowler,9,"8,9,10"
Mohammad Wasim Jr,7,9,0,1,77.80,Right hand Bat,Bowler,10,"9,10,11"
Haris Rauf,0,1,0,0,0.00,Right hand Bat,Bowler,11,"10,11"
Temba Bavuma,28,27,4,1,103.70,Right hand Bat,Top order Batter,1,1
Quinton de Kock,24,14,5,0,171.40,Left hand Bat,Wicketkeeper Batter,2,"1,2,3"
Rassie van der Dussen,21,39,0,0,53.80,Right hand Bat,Top order Batter,3,"2,3,4"
Aiden Markram,91,93,7,3,97.80,Right hand Bat,Opening Batter,4,"3,4,5"
Heinrich Klaasen,12,10,0,1,120.00,Right hand Bat,Wicketkeeper Batter,5,"4,5,6"
David Miller,29,33,2,2,87.90,Left hand Bat,Middle order Batter,6,"5,6,7"
Marco Jansen,20,14,2,1,142.90,Left hand Bat,Allrounder,7,"6,7,8"
Gerald Coetzee,10,13,0,0,76.90,Right hand Bat,Bowler,8,"7,8,9"
Keshav Maharaj,7,21,1,0,33.30,Right hand Bat,Bowler,9,"8,9,10"
Lungi Ngidi,4,14,0,0,28.60,Right hand Bat,Bowler,10,"9,10,11"
Tabraiz Shamsi,4,6,0,0,66.70,Right hand Bat,Bowler,11,"10,11"
David Warner,81,65,5,6,124.60,Left hand Bat,Opening Batter,1,1
Travis Head,109,67,10,7,162.70,Left hand Bat,Middle order Batter,2,"1,2,3"
Mitchell Marsh,36,51,2,0,70.60,Right hand Bat,Allrounder,3,"2,3,4"
Steve Smith,18,17,2,0,105.90,Right hand Bat,Top order Batter,4,"3,4,5"
Marnus Labuschagne,18,26,2,0,69.20,Right hand Bat,Top order Batter,5,"4,5,6"
Glenn Maxwell,41,24,5,2,170.80,Right hand Bat,Batting Allrounder,6,"5,6,7"
Josh Inglis,38,28,4,1,135.70,Right hand Bat,Wicketkeeper Batter,7,"6,7,8"
Pat Cummins,37,14,2,4,264.30,Right hand Bat,Bowler,8,"7,8,9"
Mitchell Starc,1,3,0,0,33.30,Left hand Bat,Bowler,9,"8,9,10"
Adam Zampa,0,3,0,0,0.00,Right hand Bat,Bowler,10,"9,10,11"
Josh Hazlewood,0,0,0,0,0.00,Left hand Bat,Bowler,11,"10,11"
Devon Conway,28,17,6,0,164.70,Left hand Bat,Wicketkeeper Batter,1,1
Will Young,32,37,4,1,86.50,Right hand Bat,Top order Batter,2,"1,2,3"
Rachin Ravindra,116,89,9,5,130.30,Left hand Bat,Top order Batter,3,"2,3,4"
Daryl Mitchell,54,51,6,1,105.90,Right hand Bat,Allrounder,4,"3,4,5"
Tom Latham,21,22,2,0,95.50,Left hand Bat,Top order Batter,5,"4,5,6"
Glenn Phillips,12,16,1,0,75.00,Right hand Bat,Wicketkeeper Batter,6,"5,6,7"
Jimmy Neesham,58,39,3,3,148.70,Left hand Bat,Allrounder,7,"6,7,8"
Mitchell Santner,17,12,1,1,141.70,Left hand Bat,Bowling Allrounder,8,"7,8,9"
Matt Henry,9,8,1,0,112.50,Right hand Bat,Bowler,9,"8,9,10"
Trent Boult,10,8,0,1,125.00,Right hand Bat,Bowler,10,"9,10,11"
Lockie Ferguson,0,1,0,0,0.00,Right hand Bat,Bowler,11,"10,11"
Vikramjit Singh,3,9,0,0,33.30,Left hand Bat,Opening Batter,1,1
Max O'Dowd,0,3,0,0,0.00,Right hand Bat,Opening Batter,2,"1,2,3"
Colin Ackermann,15,33,1,0,45.50,Right hand Bat,Batting Allrounder,4,"3,4,5"
Bas de Leede,17,32,2,0,53.10,Right hand Bat,Batting Allrounder,6,"5,6,7"
Logan van Beek,23,16,2,1,143.80,Right hand Bat,Bowler,8,"7,8,9"
Shariz Ahmad,6,8,0,0,75.00,Left hand Bat,Bowler,9,"8,9,10"
Paul van Meekeren,0,2,0,0,0.00,Right hand Bat,Bowler,11,"10,11"
Litton Das,3,12,0,0,25.00,Right hand Bat,Wicketkeeper Batter,1,1
Tanzid Hasan,15,16,3,0,93.80,Left hand Bat,Top order Batter,2,"1,2,3"
Mehidy Hasan Miraz,35,40,5,1,87.50,Right hand Bat,Allrounder,3,"2,3,4"
Najmul Hossain Shanto,9,18,2,0,50.00,Left hand Bat,Top order Batter,4,"3,4,5"
Shakib Al Hasan,5,14,0,0,35.70,Left hand Bat,Allrounder,5,"4,5,6"
Mushfiqur Rahim,1,5,0,0,20.00,Right hand Bat,Middle order Batter,6,"5,6,7"
Mahmudullah,20,41,2,0,48.80,Right hand Bat,Middle order Batter,7,"6,7,8"
Mahedi Hasan,17,38,1,0,44.70,Right hand Bat,Allrounder,8,"7,8,9"
Taskin Ahmed,11,35,1,0,31.40,Left hand Bat,Bowler,9,"8,9,10"
Mustafizur Rahman,20,35,2,1,57.10,Left hand Bat,Bowler,10,"9,10,11"
Shoriful Islam,0,0,0,0,0.00,Left hand Bat,Bowler,11,"10,11"
Rohit Sharma,87,101,10,3,86.10,Right hand Bat,Top order Batter,1,1
Shubman Gill,9,13,1,0,69.20,Right hand Bat,Top order Batter,2,"1,2,3"
Virat Kohli,0,9,0,0,0.00,Right hand Bat,Top order Batter,3,"2,3,4"
Shreyas Iyer,4,16,0,0,25.00,Right hand Bat,Top order Batter,4,"3,4,5"
KL Rahul,39,58,3,0,67.20,Right hand Bat,Opening Batter,5,"4,5,6"
Suryakumar Yadav,49,47,4,1,104.30,Right hand Bat,Batter,6,"5,6,7"
Ravindra Jadeja,8,13,0,0,61.50,Left hand Bat,Allrounder,7,"6,7,8"
Mohammed Shami,1,5,0,0,20.00,Right hand Bat,Bowler,8,"7,8,9"
Jasprit Bumrah,16,25,1,0,64.00,Right hand Bat,Bowler,9,"8,9,10"
Kuldeep Yadav,9,13,1,0,69.20,Left hand Bat,Bowler,10,"9,10,11"
Jonny Bairstow,14,23,2,0,60.90,Right hand Bat,Wicketkeeper Batter,1,1
Dawid Malan,16,17,2,1,94.10,Left hand Bat,Top order Batter,2,"1,2,3"
Joe Root,0,1,0,0,0.00,Right hand Bat,Top order Batter,3,"2,3,4"
Ben Stokes,0,10,0,0,0.00,Left hand Bat,Allrounder,4,"3,4,5"
Jos Buttler,10,23,1,0,43.50,Right hand Bat,Wicketkeeper Batter,5,"4,5,6"
Moeen Ali,15,31,0,0,48.40,Left hand Bat,Batting Allrounder,6,"5,6,7"
Liam Livingstone,27,46,2,0,58.70,Right hand Bat,Batting Allrounder,7,"6,7,8"
Chris Woakes,10,20,1,0,50.00,Right hand Bat,Allrounder,8,"7,8,9"
David Willey,16,17,0,2,94.10,Left hand Bat,Bowler,9,"8,9,10"
Adil Rashid,13,20,2,0,65.00,Right hand Bat,Bowler,10,"9,10,11"
Mark Wood,0,0,0,0,0.00,Right hand Bat,Bowler,11,"10,11"
Pathum Nissanka,46,60,5,0,76.70,Right hand Bat,Top order Batter,1,1
Dimuth Karunaratne,15,21,1,0,71.40,Left hand Bat,Top order Batter,2,"1,2,3"
Kusal Mendis,39,50,3,0,78.00,Right hand Bat,Wicketkeeper Batter,3,"2,3,4"
Sadeera Samarawickrama,36,40,3,0,90.00,Right hand Bat,Top order Batter,4,"3,4,5"
Charith Asalanka,22,28,2,0,78.60,Left hand Bat,Batting Allrounder,5,"4,5,6"
Dhananjaya de Silva,14,26,1,0,53.80,Right hand Bat,Allrounder,6,"5,6,7"
Angelo Mathews,23,26,1,1,88.50,Right hand Bat,Allrounder,7,"6,7,8"
Dushmantha Chameera,1,4,0,0,25.00,Right hand Bat,Bowler,8,"7,8,9"
Maheesh Theekshana,29,31,3,1,93.50,Right hand Bat,Bowler,9,"8,9,10"
Kasun Rajitha,5,7,0,0,71.40,Right hand Bat,Bowler,10,"9,10,11"
Rahmanullah Gurbaz,0,4,0,0,0.00,Right hand Bat,Wicketkeeper Batter,1,1
Ibrahim Zadran,39,57,4,1,68.40,Right hand Bat,Opening Batter,2,"1,2,3"
Rahmat Shah,62,74,7,0,83.80,Right hand Bat,Top order Batter,3,"2,3,4"
Hashmatullah Shahidi,58,74,2,1,78.40,Left hand Bat,Top order Batter,4,"3,4,5"
Azmatullah Omarzai,73,63,6,3,115.90,Right hand Bat,Allrounder,5,"4,5,6"
Tanzid Hasan,0,5,0,0,0.00,Left hand Bat,Top order Batter,1,1
Litton Das,45,64,6,0,70.30,Right hand Bat,Wicketkeeper Batter,2,"1,2,3"
Najmul Hossain Shanto,4,3,1,0,133.30,Left hand Bat,Top order Batter,3,"2,3,4"
Mushfiqur Rahim,5,8,1,0,62.50,Right hand Bat,Middle order Batter,4,"3,4,5"
Mahmudullah,56,70,6,1,80.00,Right hand Bat,Middle order Batter,5,"4,5,6"
Shakib Al Hasan,43,64,4,0,67.20,Left hand Bat,Allrounder,6,"5,6,7"
Towhid Hridoy,7,3,0,1,233.30,Right hand Bat,Middle order Batter,7,"6,7,8"
Mehidy Hasan Miraz,25,30,1,1,83.30,Right hand Bat,Allrounder,8,"7,8,9"
Taskin Ahmed,6,13,0,0,46.20,Left hand Bat,Bowler,9,"8,9,10"
Mustafizur Rahman,3,7,0,0,42.90,Left hand Bat,Bowler,10,"9,10,11"
Shoriful Islam,1,4,0,0,25.00,Left hand Bat,Bowler,11,"10,11"
Abdullah Shafique,68,69,9,2,98.60,Right hand Bat,Top order Batter,1,1
Fakhar Zaman,81,74,3,7,109.50,Left hand Bat,Opening Batter,2,"1,2,3"
Babar Azam,9,16,1,0,56.30,Right hand Bat,Top order Batter,3,"2,3,4"
Mohammad Rizwan,26,21,4,0,123.80,Right hand Bat,Wicketkeeper Batter,4,"3,4,5"
Iftikhar Ahmed,17,15,2,0,113.30,Right hand Bat,Middle order Batter,5,"4,5,6"
Quinton de Kock,114,116,10,3,98.30,Left hand Bat,Wicketkeeper Batter,1,1
Temba Bavuma,24,28,4,1,85.70,Right hand Bat,Top order Batter,2,"1,2,3"
Rassie van der Dussen,133,118,9,5,112.70,Right hand Bat,Top order Batter,3,"2,3,4"
David Miller,53,30,2,4,176.70,Left hand Bat,Middle order Batter,4,"3,4,5"
Heinrich Klaasen,15,7,1,1,214.30,Right hand Bat,Wicketkeeper Batter,5,"4,5,6"
Aiden Markram,6,1,0,1,600.00,Right hand Bat,Opening Batter,6,"5,6,7"
Devon Conway,2,6,0,0,33.30,Left hand Bat,Wicketkeeper Batter,1,1
Will Young,33,37,5,0,89.20,Right hand Bat,Top order Batter,2,"1,2,3"
Rachin Ravindra,9,16,1,0,56.30,Left hand Bat,Top order Batter,3,"2,3,4"
Daryl Mitchell,24,30,4,0,80.00,Right hand Bat,Allrounder,4,"3,4,5"
Tom Latham,4,15,0,0,26.70,Left hand Bat,Top order Batter,5,"4,5,6"
Glenn Phillips,60,50,4,4,120.00,Right hand Bat,Wicketkeeper Batter,6,"5,6,7"
Mitchell Santner,7,18,1,0,38.90,Left hand Bat,Bowling Allrounder,7,"6,7,8"
Tim Southee,7,11,1,0,63.60,Right hand Bat,Bowler,8,"7,8,9"
Jimmy Neesham,0,8,0,0,0.00,Left hand Bat,Allrounder,9,"8,9,10"
Trent Boult,9,14,1,0,64.30,Right hand Bat,Bowler,10,"9,10,11"
Matt Henry,0,9,0,0,0.00,Right hand Bat,Bowler,11,"10,11"
Rohit Sharma,4,2,1,0,200.00,Right hand Bat,Top order Batter,1,1
Shubman Gill,92,92,11,2,100.00,Right hand Bat,Top order Batter,2,"1,2,3"
Virat Kohli,88,94,11,0,93.60,Right hand Bat,Top order Batter,3,"2,3,4"
Shreyas Iyer,82,56,3,6,146.40,Right hand Bat,Top order Batter,4,"3,4,5"
KL Rahul,21,19,2,0,110.50,Right hand Bat,Opening Batter,5,"4,5,6"
Suryakumar Yadav,12,9,2,0,133.30,Right hand Bat,Batter,6,"5,6,7"
Ravindra Jadeja,35,24,1,1,145.80,Left hand Bat,Allrounder,7,"6,7,8"
Mohammed Shami,2,4,0,0,50.00,Right hand Bat,Bowler,8,"7,8,9"
Jasprit Bumrah,1,1,0,0,100.00,Right hand Bat,Bowler,9,"8,9,10"
Pathum Nissanka,0,1,0,0,0.00,Right hand Bat,Top order Batter,1,1
Dimuth Karunaratne,0,1,0,0,0.00,Left hand Bat,Top order Batter,2,"1,2,3"
Kusal Mendis,1,10,0,0,10.00,Right hand Bat,Wicketkeeper Batter,3,"2,3,4"
Sadeera Samarawickrama,0,4,0,0,0.00,Right hand Bat,Top order Batter,4,"3,4,5"
Charith Asalanka,1,24,0,0,4.20,Left hand Bat,Batting Allrounder,5,"4,5,6"
Angelo Mathews,12,25,1,0,48.00,Right hand Bat,Allrounder,6,"5,6,7"
Dushmantha Chameera,0,6,0,0,0.00,Right hand Bat,Bowler,8,"7,8,9"
Maheesh Theekshana,12,23,2,0,52.20,Right hand Bat,Bowler,9,"8,9,10"
Kasun Rajitha,14,17,2,0,82.40,Right hand Bat,Bowler,10,"9,10,11"
Max O'Dowd,42,40,9,0,105.00,Right hand Bat,Opening Batter,2,"1,2,3"
Colin Ackermann,29,35,4,0,82.90,Right hand Bat,Batting Allrounder,3,"2,3,4"
Bas de Leede,3,6,0,0,50.00,Right hand Bat,Batting Allrounder,6,"5,6,7"
Logan van Beek,2,13,0,0,15.40,Right hand Bat,Bowler,8,"7,8,9"
Roelof van der Merwe,11,33,0,0,33.30,Right hand Bat,Allrounder,9,"8,9,10"
Paul van Meekeren,4,24,0,0,16.70,Right hand Bat,Bowler,11,"10,11"
Rahmanullah Gurbaz,10,11,2,0,90.90,Right hand Bat,Wicketkeeper Batter,1,1
Ibrahim Zadran,20,34,2,0,58.80,Right hand Bat,Opening Batter,2,"1,2,3"
Rahmat Shah,52,54,8,0,96.30,Right hand Bat,Top order Batter,3,"2,3,4"
Hashmatullah Shahidi,56,64,6,0,87.50,Left hand Bat,Top order Batter,4,"3,4,5"
Azmatullah Omarzai,31,28,3,0,110.70,Right hand Bat,Allrounder,5,"4,5,6"
Devon Conway,35,39,6,0,89.70,Left hand Bat,Wicketkeeper Batter,1,1
Rachin Ravindra,108,94,15,1,114.90,Left hand Bat,Top order Batter,2,"1,2,3"
Kane Williamson,95,79,10,2,120.30,Right hand Bat,Top order Batter,3,"2,3,4"
Daryl Mitchell,29,18,4,1,161.10,Right hand Bat,Allrounder,4,"3,4,5"
Mark Chapman,39,27,7,0,144.40,Left hand Bat,Middle order Batter,5,"4,5,6"
Glenn Phillips,41,25,4,2,164.00,Right hand Bat,Wicketkeeper Batter,6,"5,6,7"
Mitchell Santner,26,17,0,2,152.90,Left hand Bat,Bowling Allrounder,7,"6,7,8"
Tom Latham,2,2,0,0,100.00,Left hand Bat,Top order Batter,8,"7,8,9"
Abdullah Shafique,4,9,1,0,44.40,Right hand Bat,Top order Batter,1,1
Fakhar Zaman,126,81,8,11,155.60,Left hand Bat,Opening Batter,2,"1,2,3"
Babar Azam,66,63,6,2,104.80,Right hand Bat,Top order Batter,3,"2,3,4"
Travis Head,11,10,1,0,110.00,Left hand Bat,Middle order Batter,1,1
David Warner,15,16,1,1,93.80,Left hand Bat,Opening Batter,2,"1,2,3"
Steve Smith,44,52,3,0,84.60,Right hand Bat,Top order Batter,3,"2,3,4"
Marnus Labuschagne,71,83,7,0,85.50,Right hand Bat,Top order Batter,4,"3,4,5"
Josh Inglis,3,6,0,0,50.00,Right hand Bat,Wicketkeeper Batter,5,"4,5,6"
Cameron Green,47,52,5,0,90.40,Right hand Bat,Batting Allrounder,6,"5,6,7"
Marcus Stoinis,35,32,3,2,109.40,Right hand Bat,Batting Allrounder,7,"6,7,8"
Pat Cummins,10,13,1,0,76.90,Right hand Bat,Bowler,8,"7,8,9"
Mitchell Starc,10,13,0,0,76.90,Left hand Bat,Bowler,9,"8,9,10"
Adam Zampa,29,19,4,0,152.60,Right hand Bat,Bowler,10,"9,10,11"
Josh Hazlewood,1,1,0,0,100.00,Left hand Bat,Bowler,11,"10,11"
Jonny Bairstow,0,1,0,0,0.00,Right hand Bat,Wicketkeeper Batter,1,1
Dawid Malan,50,64,4,1,78.10,Left hand Bat,Top order Batter,2,"1,2,3"
Joe Root,13,17,2,0,76.50,Right hand Bat,Top order Batter,3,"2,3,4"
Ben Stokes,64,90,2,3,71.10,Left hand Bat,Allrounder,4,"3,4,5"
Jos Buttler,1,7,0,0,14.30,Right hand Bat,Wicketkeeper Batter,5,"4,5,6"
Moeen Ali,42,43,6,0,97.70,Left hand Bat,Batting Allrounder,6,"5,6,7"
Liam Livingstone,2,5,0,0,40.00,Right hand Bat,Batting Allrounder,7,"6,7,8"
Chris Woakes,32,33,4,1,97.00,Right hand Bat,Allrounder,8,"7,8,9"
David Willey,15,14,3,0,107.10,Left hand Bat,Bowler,9,"8,9,10"
Adil Rashid,20,15,1,1,133.30,Right hand Bat,Bowler,10,"9,10,11"
Mark Wood,0,0,0,0,0.00,Right hand Bat,Bowler,11,"10,11"
Rohit Sharma,40,24,6,2,166.70,Right hand Bat,Top order Batter,1,1
Shubman Gill,23,24,4,1,95.80,Right hand Bat,Top order Batter,2,"1,2,3"
Virat Kohli,101,121,10,0,83.50,Right hand Bat,Top order Batter,3,"2,3,4"
Shreyas Iyer,77,87,7,2,88.50,Right hand Bat,Top order Batter,4,"3,4,5"
KL Rahul,8,17,0,0,47.10,Right hand Bat,Opening Batter,5,"4,5,6"
Suryakumar Yadav,22,14,5,0,157.10,Right hand Bat,Batter,6,"5,6,7"
Ravindra Jadeja,29,15,3,1,193.30,Left hand Bat,Allrounder,7,"6,7,8"
Quinton de Kock,5,10,1,0,50.00,Left hand Bat,Wicketkeeper Batter,1,1
Temba Bavuma,11,19,1,0,57.90,Right hand Bat,Top order Batter,2,"1,2,3"
Rassie van der Dussen,13,32,1,0,40.60,Right hand Bat,Top order Batter,3,"2,3,4"
Aiden Markram,9,6,2,0,150.00,Right hand Bat,Opening Batter,4,"3,4,5"
Heinrich Klaasen,1,11,0,0,9.10,Right hand Bat,Wicketkeeper Batter,5,"4,5,6"
David Miller,11,11,2,0,100.00,Left hand Bat,Middle order Batter,6,"5,6,7"
Marco Jansen,14,30,1,0,46.70,Left hand Bat,Allrounder,7,"6,7,8"
Keshav Maharaj,7,11,1,0,63.60,Right hand Bat,Bowler,8,"7,8,9"
Kagiso Rabada,6,26,0,0,23.10,Left hand Bat,Bowler,9,"8,9,10"
Lungi Ngidi,0,3,0,0,0.00,Right hand Bat,Bowler,10,"9,10,11"
Tabraiz Shamsi,4,4,1,0,100.00,Right hand Bat,Bowler,11,"10,11"
Pathum Nissanka,41,36,8,0,113.90,Right hand Bat,Top order Batter,1,1
Kusal Janith Perera,4,5,1,0,80.00,Left hand Bat,Top order Batter,2,"1,2,3"
Kusal Mendis,19,30,1,1,63.30,Right hand Bat,Wicketkeeper Batter,3,"2,3,4"
Sadeera Samarawickrama,41,42,4,0,97.60,Right hand Bat,Top order Batter,4,"3,4,5"
Charith Asalanka,108,105,6,5,102.90,Left hand Bat,Batting Allrounder,5,"4,5,6"
Angelo Mathews,0,0,0,0,0.00,Right hand Bat,Allrounder,6,"5,6,7"
Dhananjaya de Silva,34,36,4,1,94.40,Right hand Bat,Allrounder,7,"6,7,8"
Maheesh Theekshana,21,31,3,0,67.70,Right hand Bat,Bowler,8,"7,8,9"
Dushmantha Chameera,4,9,0,0,44.40,Right hand Bat,Bowler,9,"8,9,10"
Kasun Rajitha,0,2,0,0,0.00,Right hand Bat,Bowler,10,"9,10,11"
Tanzid Hasan,9,5,2,0,180.00,Left hand Bat,Top order Batter,1,1
Litton Das,23,22,2,2,104.50,Right hand Bat,Wicketkeeper Batter,2,"1,2,3"
Najmul Hossain Shanto,90,101,12,0,89.10,Left hand Bat,Top order Batter,3,"2,3,4"
Shakib Al Hasan,82,65,12,2,126.20,Left hand Bat,Allrounder,4,"3,4,5"
Mahmudullah,22,23,3,1,95.70,Right hand Bat,Middle order Batter,5,"4,5,6"
Mushfiqur Rahim,10,13,1,0,76.90,Right hand Bat,Middle order Batter,6,"5,6,7"
Towhid Hridoy,15,7,0,2,214.30,Right hand Bat,Middle order Batter,7,"6,7,8"
Mehidy Hasan Miraz,3,5,0,0,60.00,Right hand Bat,Allrounder,8,"7,8,9"
Tanzim Hasan,5,6,1,0,83.30,Left hand Bat,Top order Batter,9,"8,9,10"
Rahmanullah Gurbaz,21,25,2,0,84.00,Right hand Bat,Wicketkeeper Batter,1,1
Ibrahim Zadran,129,143,8,3,90.20,Right hand Bat,Opening Batter,2,"1,2,3"
Rahmat Shah,30,44,1,0,68.20,Right hand Bat,Top order Batter,3,"2,3,4"
Hashmatullah Shahidi,26,43,2,0,60.50,Left hand Bat,Top order Batter,4,"3,4,5"
Azmatullah Omarzai,22,18,1,2,122.20,Right hand Bat,Allrounder,5,"4,5,6"
Mohammad Nabi,12,10,0,1,120.00,Right hand Bat,Allrounder,6,"5,6,7"
Rashid Khan,35,18,2,3,194.40,Right hand Bat,Bowling Allrounder,7,"6,7,8"
David Warner,18,29,3,0,62.10,Left hand Bat,Opening Batter,1,1
Travis Head,0,2,0,0,0.00,Left hand Bat,Middle order Batter,2,"1,2,3"
Mitchell Marsh,24,11,2,2,218.20,Right hand Bat,Allrounder,3,"2,3,4"
Marnus Labuschagne,14,28,2,0,50.00,Right hand Bat,Top order Batter,4,"3,4,5"
Josh Inglis,0,1,0,0,0.00,Right hand Bat,Wicketkeeper Batter,5,"4,5,6"
Glenn Maxwell,201,128,21,10,157.00,Right hand Bat,Batting Allrounder,6,"5,6,7"
Marcus Stoinis,6,7,1,0,85.70,Right hand Bat,Batting Allrounder,7,"6,7,8"
Mitchell Starc,3,7,0,0,42.90,Left hand Bat,Bowler,8,"7,8,9"
Pat Cummins,12,68,1,0,17.60,Right hand Bat,Bowler,9,"8,9,10"
Jonny Bairstow,15,17,2,0,88.20,Right hand Bat,Wicketkeeper Batter,1,1
Dawid Malan,87,74,10,2,117.60,Left hand Bat,Top order Batter,2,"1,2,3"
Joe Root,28,35,1,0,80.00,Right hand Bat,Top order Batter,3,"2,3,4"
Ben Stokes,108,84,6,6,128.60,Left hand Bat,Allrounder,4,"3,4,5"
Harry Brook,11,16,2,0,68.80,Right hand Bat,Batter,5,"4,5,6"
Jos Buttler,5,11,0,0,45.50,Right hand Bat,Wicketkeeper Batter,6,"5,6,7"
Moeen Ali,4,15,0,0,26.70,Left hand Bat,Batting Allrounder,7,"6,7,8"
Chris Woakes,51,45,5,1,113.30,Right hand Bat,Allrounder,8,"7,8,9"
David Willey,6,2,0,1,300.00,Left hand Bat,Bowler,9,"8,9,10"
Adil Rashid,1,1,0,0,100.00,Right hand Bat,Bowler,11,"10,11"
Max O'Dowd,5,11,1,0,45.50,Right hand Bat,Opening Batter,2,"1,2,3"
Colin Ackermann,0,2,0,0,0.00,Right hand Bat,Batting Allrounder,3,"2,3,4"
Bas de Leede,10,12,2,0,83.30,Right hand Bat,Batting Allrounder,6,"5,6,7"
Logan van Beek,2,2,0,0,100.00,Right hand Bat,Bowler,8,"7,8,9"
Roelof van der Merwe,0,4,0,0,0.00,Right hand Bat,Allrounder,9,"8,9,10"
Paul van Meekeren,4,3,1,0,133.30,Right hand Bat,Bowler,11,"10,11"
Pathum Nissanka,2,8,0,0,25.00,Right hand Bat,Top order Batter,1,1
Kusal Janith Perera,51,28,9,2,182.10,Left hand Bat,Top order Batter,2,"1,2,3"
Kusal Mendis,6,7,1,0,85.70,Right hand Bat,Wicketkeeper Batter,3,"2,3,4"
Sadeera Samarawickrama,1,2,0,0,50.00,Right hand Bat,Top order Batter,4,"3,4,5"
Charith Asalanka,8,8,1,0,100.00,Left hand Bat,Batting Allrounder,5,"4,5,6"
Angelo Mathews,16,27,2,0,59.30,Right hand Bat,Allrounder,6,"5,6,7"
Dhananjaya de Silva,19,24,2,1,79.20,Right hand Bat,Allrounder,7,"6,7,8"
Chamika Karunaratne,6,17,1,0,35.30,Right hand Bat,Bowling Allrounder,8,"7,8,9"
Maheesh Theekshana,38,91,3,0,41.80,Right hand Bat,Bowler,9,"8,9,10"
Dushmantha Chameera,1,20,0,0,5.00,Right hand Bat,Bowler,10,"9,10,11"
Devon Conway,45,42,9,0,107.10,Left hand Bat,Wicketkeeper Batter,1,1
Rachin Ravindra,42,34,3,3,123.50,Left hand Bat,Top order Batter,2,"1,2,3"
Kane Williamson,14,15,2,0,93.30,Right hand Bat,Top order Batter,3,"2,3,4"
Daryl Mitchell,43,31,5,2,138.70,Right hand Bat,Allrounder,4,"3,4,5"
Mark Chapman,7,6,1,0,116.70,Left hand Bat,Middle order Batter,5,"4,5,6"
Glenn Phillips,17,10,3,0,170.00,Right hand Bat,Wicketkeeper Batter,6,"5,6,7"
Tom Latham,2,2,0,0,100.00,Left hand Bat,Top order Batter,7,"6,7,8"
Rahmanullah Gurbaz,25,22,3,1,113.60,Right hand Bat,Wicketkeeper Batter,1,1
Ibrahim Zadran,15,30,3,0,50.00,Right hand Bat,Opening Batter,2,"1,2,3"
Rahmat Shah,26,46,2,0,56.50,Right hand Bat,Top order Batter,3,"2,3,4"
Hashmatullah Shahidi,2,7,0,0,28.60,Left hand Bat,Top order Batter,4,"3,4,5"
Azmatullah Omarzai,97,107,7,3,90.70,Right hand Bat,Allrounder,5,"4,5,6"
Ikram Alikhil,12,14,1,1,85.70,Left hand Bat,Wicketkeeper Batter,6,"5,6,7"
Mohammad Nabi,2,3,0,0,66.70,Right hand Bat,Allrounder,7,"6,7,8"
Rashid Khan,14,30,0,0,46.70,Right hand Bat,Bowling Allrounder,8,"7,8,9"
Noor Ahmad,26,32,4,0,81.30,Left hand Bat,Bowler,9,"8,9,10"
Mujeeb Ur Rahman,8,5,0,1,160.00,Right hand Bat,Bowler,10,"9,10,11"
Naveen-ul-Haq,2,4,0,0,50.00,Right hand Bat,Bowler,11,"10,11"
Quinton de Kock,41,47,2,3,87.20,Left hand Bat,Wicketkeeper Batter,1,1
Temba Bavuma,23,28,3,0,82.10,Right hand Bat,Top order Batter,2,"1,2,3"
Rassie van der Dussen,76,95,6,1,80.00,Right hand Bat,Top order Batter,3,"2,3,4"
Aiden Markram,25,32,1,1,78.10,Right hand Bat,Opening Batter,4,"3,4,5"
Heinrich Klaasen,10,13,1,0,76.90,Right hand Bat,Wicketkeeper Batter,5,"4,5,6"
David Miller,24,33,1,1,72.70,Left hand Bat,Middle order Batter,6,"5,6,7"
Andile Phehlukwayo,39,37,1,3,105.40,Left hand Bat,Allrounder,7,"6,7,8"
Tanzid Hasan,36,34,6,0,105.90,Left hand Bat,Top order Batter,1,1
Litton Das,36,45,5,0,80.00,Right hand Bat,Wicketkeeper Batter,2,"1,2,3"
Najmul Hossain Shanto,45,57,6,0,78.90,Left hand Bat,Top order Batter,3,"2,3,4"
Towhid Hridoy,74,79,5,2,93.70,Right hand Bat,Middle order Batter,4,"3,4,5"
Mahmudullah,32,28,1,3,114.30,Right hand Bat,Middle order Batter,5,"4,5,6"
Mushfiqur Rahim,21,24,0,1,87.50,Right hand Bat,Middle order Batter,6,"5,6,7"
Mehidy Hasan Miraz,29,20,4,0,145.00,Right hand Bat,Allrounder,7,"6,7,8"
Nasum Ahmed,7,11,0,0,63.60,Left hand Bat,Bowler,8,"7,8,9"
Mahedi Hasan,2,3,0,0,66.70,Right hand Bat,Allrounder,9,"8,9,10"
Taskin Ahmed,0,1,0,0,0.00,Left hand Bat,Bowler,10,"9,10,11"
Travis Head,10,11,2,0,90.90,Left hand Bat,Middle order Batter,1,1
David Warner,53,61,6,0,86.90,Left hand Bat,Opening Batter,2,"1,2,3"
Mitchell Marsh,177,132,17,9,134.10,Right hand Bat,Allrounder,3,"2,3,4"
Steve Smith,63,64,4,1,98.40,Right hand Bat,Top order Batter,4,"3,4,5"
Dawid Malan,31,39,5,0,79.50,Left hand Bat,Top order Batter,1,1
Jonny Bairstow,59,61,7,1,96.70,Right hand Bat,Wicketkeeper Batter,2,"1,2,3"
Joe Root,60,72,4,0,83.30,Right hand Bat,Top order Batter,3,"2,3,4"
Ben Stokes,84,76,11,2,110.50,Left hand Bat,Allrounder,4,"3,4,5"
Jos Buttler,27,18,3,1,150.00,Right hand Bat,Wicketkeeper Batter,5,"4,5,6"
Harry Brook,30,17,2,2,176.50,Right hand Bat,Batter,6,"5,6,7"
Moeen Ali,8,6,0,1,133.30,Left hand Bat,Batting Allrounder,7,"6,7,8"
Chris Woakes,4,4,1,0,100.00,Right hand Bat,Allrounder,8,"7,8,9"
David Willey,15,5,2,1,300.00,Left hand Bat,Bowler,9,"8,9,10"
Adil Rashid,0,1,0,0,0.00,Right hand Bat,Bowler,11,"10,11"
Abdullah Shafique,0,2,0,0,0.00,Right hand Bat,Top order Batter,1,1
Fakhar Zaman,1,9,0,0,11.10,Left hand Bat,Opening Batter,2,"1,2,3"
Babar Azam,38,45,6,0,84.40,Right hand Bat,Top order Batter,3,"2,3,4"
Mohammad Rizwan,36,51,2,0,70.60,Right hand Bat,Wicketkeeper Batter,4,"3,4,5"
Saud Shakeel,29,37,4,0,78.40,Left hand Bat,Middle order Batter,5,"4,5,6"
Agha Salman,51,45,6,1,113.30,Right hand Bat,Allrounder,6,"5,6,7"
Iftikhar Ahmed,3,5,0,0,60.00,Right hand Bat,Middle order Batter,7,"6,7,8"
Shadab Khan,4,7,1,0,57.10,Right hand Bat,Allrounder,8,"7,8,9"
Shaheen Afridi,25,23,3,1,108.70,Left hand Bat,Bowler,9,"8,9,10"
Mohammad Wasim Jr,16,14,2,1,114.30,Right hand Bat,Bowler,10,"9,10,11"
Haris Rauf,35,23,3,3,152.20,Right hand Bat,Bowler,11,"10,11"
Rohit Sharma,61,54,8,2,113.00,Right hand Bat,Top order Batter,1,1
Shubman Gill,51,32,3,4,159.40,Right hand Bat,Top order Batter,2,"1,2,3"
Virat Kohli,51,56,5,1,91.10,Right hand Bat,Top order Batter,3,"2,3,4"
Shreyas Iyer,128,94,10,5,136.20,Right hand Bat,Top order Batter,4,"3,4,5"
KL Rahul,102,64,11,4,159.40,Right hand Bat,Opening Batter,5,"4,5,6"
Suryakumar Yadav,2,1,0,0,200.00,Right hand Bat,Batter,6,"5,6,7"
Max O'Dowd,30,42,3,1,71.40,Right hand Bat,Opening Batter,2,"1,2,3"
Colin Ackermann,35,32,6,0,109.40,Right hand Bat,Batting Allrounder,3,"2,3,4"
Bas de Leede,12,21,1,0,57.10,Right hand Bat,Batting Allrounder,6,"5,6,7"
Logan van Beek,16,15,2,0,106.70,Right hand Bat,Bowler,8,"7,8,9"
Roelof van der Merwe,16,8,1,2,200.00,Right hand Bat,Allrounder,9,"8,9,10"
Paul van Meekeren,3,4,0,0,75.00,Right hand Bat,Bowler,11,"10,11"
Rohit Sharma,47,29,4,4,162.10,Right hand Bat,Top order Batter,1,1
Shubman Gill,80,66,8,3,121.20,Right hand Bat,Top order Batter,2,"1,2,3"
Virat Kohli,117,113,9,2,103.50,Right hand Bat,Top order Batter,3,"2,3,4"
Shreyas Iyer,105,70,4,8,150.00,Right hand Bat,Top order Batter,4,"3,4,5"
KL Rahul,39,20,5,2,195.00,Right hand Bat,Opening Batter,5,"4,5,6"
Suryakumar Yadav,1,2,0,0,50.00,Right hand Bat,Batter,6,"5,6,7"
Devon Conway,13,15,3,0,86.70,Left hand Bat,Wicketkeeper Batter,1,1
Rachin Ravindra,13,22,3,0,59.10,Left hand Bat,Top order Batter,2,"1,2,3"
Kane Williamson,69,73,8,1,94.50,Right hand Bat,Top order Batter,3,"2,3,4"
Daryl Mitchell,134,119,9,7,112.60,Right hand Bat,Allrounder,4,"3,4,5"
Tom Latham,0,2,0,0,0.00,Left hand Bat,Top order Batter,5,"4,5,6"
Glenn Phillips,41,33,4,2,124.20,Right hand Bat,Wicketkeeper Batter,6,"5,6,7"
Mark Chapman,2,5,0,0,40.00,Left hand Bat,Middle order Batter,7,"6,7,8"
Mitchell Santner,9,10,0,0,90.00,Left hand Bat,Bowling Allrounder,8,"7,8,9"
Tim Southee,9,10,1,0,90.00,Right hand Bat,Bowler,9,"8,9,10"
Trent Boult,2,2,0,0,100.00,Right hand Bat,Bowler,10,"9,10,11"
Lockie Ferguson,6,3,0,1,200.00,Right hand Bat,Bowler,11,"10,11"
Rohit Sharma,47,31,4,3,151.60,Right hand Bat,Top order Batter,1,1
Shubman Gill,4,7,0,0,57.10,Right hand Bat,Top order Batter,2,"1,2,3"
Virat Kohli,54,63,4,0,85.70,Right hand Bat,Top order Batter,3,"2,3,4"
Shreyas Iyer,4,3,1,0,133.30,Right hand Bat,Top order Batter,4,"3,4,5"
KL Rahul,66,107,1,0,61.70,Right hand Bat,Opening Batter,5,"4,5,6"
Ravindra Jadeja,9,22,0,0,40.90,Left hand Bat,Allrounder,6,"5,6,7"
Suryakumar Yadav,18,28,1,0,64.30,Right hand Bat,Batter,7,"6,7,8"
Mohammed Shami,6,10,1,0,60.00,Right hand Bat,Bowler,8,"7,8,9"
Jasprit Bumrah,1,3,0,0,33.30,Right hand Bat,Bowler,9,"8,9,10"
Kuldeep Yadav,10,18,0,0,55.60,Left hand Bat,Bowler,10,"9,10,11"
Mohammed Siraj,9,8,1,0,112.50,Right hand Bat,Bowler,11,"10,11"
David Warner,7,3,1,0,233.30,Left hand Bat,Opening Batter,1,1
Travis Head,137,120,15,4,114.20,Left hand Bat,Middle order Batter,2,"1,2,3"
Mitchell Marsh,15,15,1,1,100.00,Right hand Bat,Allrounder,3,"2,3,4"
Steve Smith,4,9,1,0,44.40,Right hand Bat,Top order Batter,4,"3,4,5"
Marnus Labuschagne,58,110,4,0,52.70,Right hand Bat,Top order Batter,5,"4,5,6"
Glenn Maxwell,2,1,0,0,200.00,Right hand Bat,Batting Allrounder,6,"5,6,7"